"1. Abbott J, Corean J, Laggis C, Halwani A, Toydemir R, Miles R, Florell S, Wada D. Persistent Hypopigmented and Scaly Rash: Answer. Am J Dermatopathol. 2021;43(12):1000-1001."
"2.Abbott J, Corean J, Laggis C, Halwani A, Toydemir R, Miles R, Florell S, Wada D. Histological Transformation and Clonal Relationship of Subcutaneous Marginal Zone B-Cell Lymphoma and Diffuse Large B-Cell Lymphoma. Am J Dermatopathol. 2022;44(6):442-448."
"3.Alrashdi NZ, Brown-Taylor L, Bell MM, Ithurburn MP. Movement Patterns and Their Associations With Pain, Function, and Hip Morphology in Individuals With Femoroacetabular Impingement Syndrome: A Scoping Review. Phys Ther. 2021;101(11)."
"4.Altalib H, McMillan KK, Padilla S, Pugh MJ. Epilepsy quality performance in a national sample of neurologists and primary care providers: Characterizing trends in acute and chronic care management. Epilepsy Behav. 2021;123:108218."
"5.Andraka-Christou B, Gordon AJ, Bouskill K, Smart R, Randall-Kosich O, Golan M, Totaram R, Stein BD. Toward a Typology of Office-based Buprenorphine Treatment Laws: Themes From a Review of State Laws. J Addict Med. 2022;16(2):192-207."
"6.Andraka-Christou B, Gordon AJ, Spetz J, Totaram R, Golan M, Randall-Kosich O, Harrison J, Calder S, Kertesz SG, Stein BD. Beyond state scope of practice laws for advanced practitioners: Additional supervision requirements for buprenorphine prescribing. J Subst Abuse Treat. 2022;138:108715."
"7.Andraka-Christou B, Randall-Kosich O, Golan M, Totaram R, Saloner B, Gordon AJ, Stein BD. A national survey of state laws regarding medications for opioid use disorder in problem-solving courts. Health Justice. 2022;10(1):14."
"8.Andraka-Christou B, Saloner B, Gordon AJ, Totaram R, Randall-Kosich O, Golan M, Stein BD. Laws for expanding access to medications for opioid use disorder: a legal analysis of 16 states & Washington D.C. Am J Drug Alcohol Abuse. 2022;48(4):492-503."
"9.Baker JF, England BR, George MD, Wysham K, Johnson T, Kunkel G, Sauer B, Hamilton BC, Hunter CD, Duryee MJ, Monach P, Kerr G, Reimold A, Xiao R, Thiele GM, TR MI. Elevations in Adipocytokines and Mortality in Rheumatoid Arthritis. Rheumatology (Oxford). 2022."
"10.Baker JF, England BR, George MD, Wysham K, Johnson T, Lenert A, Kunkel G, Sauer B, Duryee MJ, Monach P, Kerr G, Reimold A, Thiele GM, Mikuls TR. Adipocytokines and achievement of low disease activity in rheumatoid arthritis. Semin Arthritis Rheum. 2022;55:152003."
"11.Balentine CJ, Morris M, Knight SJ, Turan JM, Flood KL, Gutierrez-Meza D, Macdonald CL, Bhatia S, Brown CJ. An Implementation Assessment of the Virtual Acute Care for Elders Program From the Perspective of Key Stakeholders. Ann Surg. 2022;275(6):e752-e758."
"12.Baylis JD, Charron E, Archer S, Garets M, Bryan MA, Foringer J, Kelley AT, Smid MC, Cochran G. Attitudes, self-efficacy, and practices related to opioid risk assessment and mitigation: A comparison of health care professionals in rural communities. Subst Abus. 2022;43(1):1163-1171."
"13.Beesley SJ, Powell A, Groat D, Butler J, Hopkins RO, Rozenblum R, Aboumatar H, Butler AM, Sugarman J, Francis L, Brown SM. Evaluating the Balance Between Privacy and Access in Digital Information Sharing. Crit Care Med. 2022;50(2):e109-e116."
"14.Beneciuk JM, Brown-Taylor L, Alodaibi F, Kareha S, Holmes R, Fritz J. Patient- and Physical Therapist-Level Predictors of Patient-Reported Therapeutic Alliance: An Observational, Exploratory Study of Cohorts With Knee and Low Back Pain. Arch Phys Med Rehabil. 2021;102(12):2335-2342."
"15.Benson AE, Metcalf RA, Cail K, Rollins MD, Warrick CM, Falkner D, Clark EAS, Nelson RE, Einerson BD. Transfusion Preparedness in the Labor and Delivery Unit: An Initiative to Improve Safety and Cost. Obstet Gynecol. 2021;138(5):788-794."
"16.Beyer CA, Poltavskiy E, Walker LE, Pettey W, Suo Y, Redd A, Rittel AG, Kazanis WH, Dunham JR, Zarzabal LA, Rutter WC, Sim A, Watrous JR, Howard JT, Janak JC, Stewart IJ, Gundlapalli A. Persistent Opioid Use After Combat Injury and Subsequent Long-term Risk of Abuse: A Retrospective Cohort Study. Ann Surg. 2021;274(6):e957-e965."
"17.Blair EM, Zahuranec DB, Forman J, Reale BK, Langa KM, Giordani B, Fagerlin A, Kollman C, Whitney RT, Levine DA. Physician Diagnosis and Knowledge of Mild Cognitive Impairment. J Alzheimers Dis. 2022;85(1):273-282."
"18.Blakey SM, Griffin SC, Grove JL, Peter SC, Levi RD, Calhoun PS, Elbogen EB, Beckham JC, Pugh MJ, Kimbrel NA. Comparing psychosocial functioning, suicide risk, and nonsuicidal self-injury between veterans with probable posttraumatic stress disorder and alcohol use disorder. J Affect Disord. 2022;308:10-18."
"19.Blakey SM, Halverson TF, Evans MK, Patel TA, Hair LP, Meyer EC, DeBeer BB, Beckham JC, Pugh MJ, Calhoun PS, Kimbrel NA. Experiential avoidance is associated with medical and mental health diagnoses in a national sample of deployed Gulf War veterans. J Psychiatr Res. 2021;142:17-24."
"20.Bleicher J, Brooke BS, Bayless K, Anderson Z, Beckstrom J, Zhang C, Presson AP, Huang LC, Buys MJ. Postoperative opioid prescribing, use and pain trends following general surgery procedures: a retrospective cohort study among veterans comparing non-opioid versus chronic opioid users. Reg Anesth Pain Med. 2022."
"21.Bornovski Y, Jackson-Shaheed E, Argraves S, Hitchins A, Tolchin B, Galluzzo D, Cheung KH, Goulet J, Skanderson M, Brandt CA, Pugh MJ, Altalib H. Suicide and Seizures: A National Cohort Study in Veterans. Neurol Clin Pract. 2021;11(5):372-376."
"22.Bouldin ED, Delgado R, Peacock K, Hale W, Roghani A, Trevino AY, Viny M, Wetter DW, Pugh MJ. Military Injuries-Understanding Posttraumatic Epilepsy, Health, and Quality-of-Life Effects of Caregiving: Protocol for a Longitudinal Mixed Methods Observational Study. JMIR Res Protoc. 2022;11(1):e30975."
"23.Bowling KM, Thompson ML, Finnila CR, Hiatt SM, Latner DR, Amaral MD, Lawlor JMJ, East KM, Cochran ME, Greve V, Kelley WV, Gray DE, Felker SA, Meddaugh H, Cannon A, Luedecke A, Jackson KE, Hendon LG, Janani HM, Johnston M, Merin LA, Deans SL, Tuura C, Williams H, Laborde K, Neu MB, Patrick-Esteve J, Hurst ACE, Kandasamy J, Carlo W, Brothers KB, Kirmse BM, Savich R, Superneau D, Spedale SB, Knight SJ, Barsh GS, Korf BR, Cooper GM. Genome sequencing as a first-line diagnostic test for hospitalized infants. Genet Med. 2022;24(4):851-861."
"24.Brooke BS, Griffin CL, Glotzbach JP, Horns JJ, Patel S, Kraiss LW. Predictors of Adherence to Anti-Impulse Therapy among Patients Treated for Acute Type-B Aortic Dissections. Ann Vasc Surg. 2021;76:95-103."
"25.Brown JL, Cochran G, Bryan MA, Charron E, Winhusen TJ. Associations between elevated depressive symptoms and substance use, prescription opioid misuse, overdose history, pain, and general health among community pharmacy patients prescribed opioids. Subst Abus. 2022;43(1):1110-1115."
"26.Brown-Taylor L, Beckner A, Scaff KE, Fritz JM, Buys MJ, Patel S, Bayless K, Brooke BS. Relationships between physical therapy intervention and opioid use: A scoping review. Pm r. 2022;14(7):837-854."
"27.Brown-Taylor L, Jaramillo C, Eapen BC, Kretzmer T, Gavin LP, Cooper T, Pugh MJ. Accumulation of Good Intentions: How Individual Practice Guidelines Lead to Polypharmacy in the Treatment of Patients with Polytrauma. Pm r. 2021;13(10):1169-1175."
"28.Brown-Taylor L, Wilson J, McNally M, Perry J, Jackson RD, Hewett TE, Ryan J, Knopp MV, Payne JE, Di Stasi S. Corrigendum to ""Altered gait mechanics are associated with severity of chondropathy after hip arthroscopy for femoroacetabular impingement syndrome"" [Gait Posture 77 (2020) 175-181]. Gait Posture. 2022;95:293-294."
"29.Bryan MA, Mallik D, Cochran G, Lundahl B. Mindfulness and Savoring: A Commentary on Savoring Strategies and Their Implications for Addiction Treatment. Subst Use Misuse. 2022;57(5):822-826."
"30.Burns M, Tang L, Chang CH, Kim JY, Ahrens K, Allen L, Cunningham P, Gordon AJ, Jarlenski MP, Lanier P, Mauk R, McDuffie MJ, Mohamoud S, Talbert J, Zivin K, Donohue J. Duration of medication treatment for opioid-use disorder and risk of overdose among Medicaid enrollees in 11 states: a retrospective cohort study. Addiction. 2022."
"31.Butler JM, Gibson B, Patterson OV, Damschroder LJ, Halls CH, Denhalter DW, Samore MH, Li H, Zhang Y, DuVall SL. Clinician documentation of patient centered care in the electronic health record. BMC Med Inform Decis Mak. 2022;22(1):65."
"32.Butler JM, Gibson B, Schnock K, Bates D, Classen D. Patient Perceptions of Hospital Experiences: Implications for Innovations in Patient Safety. J Patient Saf. 2022;18(2):e563-e567."
"33.Cabreros I, Griffin BA, Saloner B, Gordon AJ, Kerber R, Stein BD. Buprenorphine prescriber monthly patient caseloads: An examination of 6-year trajectories. Drug Alcohol Depend. 2021;228:109089."
"34.Carr JR, Jones BE, Collingridge DS, Webb BJ, Vines C, Zobell B, Allen TL, Srivastava R, Rubin J, Dean NC. Deploying an Electronic Clinical Decision Support Tool for Diagnosis and Treatment of Pneumonia Into Rural and Critical Access Hospitals: Utilization, Effect on Processes of Care, and Clinician Satisfaction. J Rural Health. 2022;38(1):262-269."
"35.Carter G, Yu Z, Aryana Bryan M, Brown JL, Winhusen T, Cochran G. Validation of the tobacco, alcohol, prescription medication, and other substance use (TAPS) tool with the WHO alcohol, smoking, and substance Involvement screening test (ASSIST). Addict Behav. 2022;126:107178."
"36.Chanfreau-Coffinier C, Tuteja S, Hull LE, MacDonald S, Efimova O, Bates J, Voora D, Oslin DW, DuVall SL, Lynch JA. Drug-drug-gene interaction risk among opioid users in the U.S. Department of Veterans Affairs. Pain. 2022."
"37.Chang NC, Jones M, Reisinger HS, Schweizer ML, Chrischilles E, Chorazy M, Huskins WC, Herwaldt L. Hand hygiene and the sequence of patient care. Infect Control Hosp Epidemiol. 2022;43(2):218-223."
"38.Chapman AB, Jones A, Kelley AT, Jones B, Gawron L, Montgomery AE, Byrne T, Suo Y, Cook J, Pettey W, Peterson K, Jones M, Nelson R. ReHouSED: A novel measurement of Veteran housing stability using natural language processing. J Biomed Inform. 2021;122:103903."
"39.Charron E, Okifuji A, Bryan MA, Reese S, Brown JL, Ferguson A, Ghitza UE, Winhusen T, Cochran G. Pain Severity and Interference and Substance Use Among Community Pharmacy Patients Prescribed Opioids: A Secondary Analysis of the PHARMSCREEN Study. J Pain. 2022;23(8):1448-1459."
"40.Chatterjee P, Coppin JD, Williams MD, Choi H, Zeber JE, Nelson RE, Jinadatha C. Reporting uncertainty in results-Response to article on copper cold-spray technology. Infect Control Hosp Epidemiol. 2022;43(4):537."
"41.Chhibber A, Kharat A, Duong K, Nelson RE, Samore MH, Wilson FA, Chaiyakunapruk N. Strategies to minimize inequity in COVID-19 vaccine access in the US: Implications for future vaccine rollouts. Lancet Reg Health Am. 2022;7:100138."
"42.Chung MK, Fagerlin A, Wang PJ, Ajayi TB, Allen LA, Baykaner T, Benjamin EJ, Branda M, Cavanaugh KL, Chen LY, Crossley GH, Delaney RK, Eckhardt LL, Grady KL, Hargraves IG, True Hills M, Kalscheur MM, Kramer DB, Kunneman M, Lampert R, Langford AT, Lewis KB, Lu Y, Mandrola JM, Martinez K, Matlock DD, McCarthy SR, Montori VM, Noseworthy PA, Orland KM, Ozanne E, Passman R, Pundi K, Roden DM, Saarel EV, Schmidt MM, Sears SF, Stacey D, Stafford RS, Steinberg BA, Youn Wass S, Wright JM. Shared Decision Making in Cardiac Electrophysiology Procedures and Arrhythmia Management. Circ Arrhythm Electrophysiol. 2021;14(12):e007958."
"43.Claeys KC, Trautner BW, Leekha S, Coffey KC, Crnich CJ, Diekema DJ, Fakih MG, Goetz MB, Gupta K, Jones MM, Leykum L, Liang SY, Pineles L, Pleiss A, Spivak ES, Suda KJ, Taylor JM, Rhee C, Morgan DJ. Optimal Urine Culture Diagnostic Stewardship Practice-Results from an Expert Modified-Delphi Procedure. Clin Infect Dis. 2022;75(3):382-389."
"44.Cochran G, Brown J, Yu Z, Frede S, Bryan MA, Ferguson A, Bayyari N, Taylor B, Snyder ME, Charron E, Adeoye-Olatunde OA, Ghitza UE, Winhusen T. Validation and threshold identification of a prescription drug monitoring program clinical opioid risk metric with the WHO alcohol, smoking, and substance involvement screening test. Drug Alcohol Depend. 2021;228:109067."
"45.Cochran G, Charron E, Brown JL, Cernasev A, Hohmeier KC, Winhusen TJ. Risky alcohol use among patients dispensed opioid medications: A clinical community pharmacy study. Drug Alcohol Depend. 2022;234:109406."
"46.Cochran G, Cole ES, Sharbaugh M, Nagy D, Gordon AJ, Gellad WF, Pringle J, Bear T, Warwick J, Drake C, Chang CH, DiDomenico E, Kelley D, Donohue J. Provider and Patient-panel Characteristics Associated With Initial Adoption and Sustained Prescribing of Medication for Opioid Use Disorder. J Addict Med. 2022;16(2):e87-e96."
"47.Cochran G, Shen J, Cox N, Field C, Carlston K, Sengpraseut B, White A, Okifuji A, Jackman C, Haaland B, Ragsdale R, Gordon AJ, Tarter R. Addressing opioid medication misuse at point of service in community pharmacy: A study protocol for an interdisciplinary behavioral health trial. Contemp Clin Trials. 2022;116:106759."
"48.Cohan JN, Horns JJ, Hanson HA, Allen-Brady K, Kieffer M, Huang LC, Brooke BS. The Association between Family History and Diverticulitis Recurrence: A Population-Based Study. Dis Colon Rectum. 2021."
"49.Colón-Emeric CS, Lee R, Pieper CF, Lyles KW, Zullig LL, Nelson RE, Robinson K, Igwe I, Jadhav J, Adler RA. Protocol for the models of primary osteoporosis screening in men (MOPS) cluster randomized trial. Contemp Clin Trials. 2022;112:106634."
"50.Conway M, Alba PR, Zhu SH, Patterson OV. Vaping at the VA: Developing an Annotated Corpus of Electronic Cigarette Mentions in Clinical Notes at the Department of Veterans Affairs. AMIA Annu Symp Proc. 2021;2021:343-351."
"51.Copeland LA, Pugh MJ, Bollinger MJ, Wang CP, Amuan ME, Rivera JC, Shireman PK. The VA vascular injury study: A glimpse at quality of care in Veterans with traumatic vascular injury repair. Injury. 2022;53(6):1947-1953."
"52.Dams-O'Connor K, Bellgowan PSF, Corriveau R, Pugh MJ, Smith DH, Schneider JA, Whitaker K, Zetterberg H. Alzheimer's Disease-Related Dementias Summit 2019: National Research Priorities for the Investigation of Traumatic Brain Injury as a Risk Factor for Alzheimer's Disease and Related Dementias. J Neurotrauma. 2021;38(23):3186-3194."
"53.Dao DP, Sahni VN, Sahni DR, Abbott J, Rhoads JLW. Vasculitis with granulomatosis: An atypical presentation of giant cell arteritis. JAAD Case Rep. 2021;16:124-126."
"54.DeAngelo MM, Holeman TA, Peacock JB, Smith BK, Kraiss LW, Hales JB, Maloney M, Brooke BS. Impact of Frailty on Risk of Long-Term Functional Decline Following Vascular Surgery. J Vasc Surg. 2022."
"55.DeAngelo MM, Peacock JB, Holeman TA, Maloney M, Beckstrom J, Brooke BS. Long-Term Functional Decline Following Vascular Surgery Among Vulnerable Adults. Ann Vasc Surg. 2021;76:87-94."
"56.Debbink MP, Metz TD, Nelson RE, Janes SE, Kroes A, Begaye LJ, Heuser CC, Smid MC, Silver RM, Varner MW, Einerson BD. Directly Measured Costs of Severe Maternal Morbidity Events during Delivery Admission Compared with Uncomplicated Deliveries. Am J Perinatol. 2022;39(6):567-576."
"57.Delaney RK, Pinto NM, Ozanne EM, Brown H, Stark LA, Watt MH, Karasawa M, Patel A, Donofrio MT, Steltzer MM, Miller SG, Zickmund SL, Fagerlin A. Parents' decision-making for their foetus or neonate with a severe congenital heart defect. Cardiol Young. 2022;32(6):896-903."
"58.Delaney RK, Pinto NM, Ozanne EM, Stark LA, Pershing ML, Thorpe A, Witteman HO, Thokala P, Lambert LM, Hansen LM, Greene TH, Fagerlin A. Study protocol for a randomised clinical trial of a decision aid and values clarification method for parents of a fetus or neonate diagnosed with a life-threatening congenital heart defect. BMJ Open. 2021;11(12):e055455."
"59.Delaney RK, Sisco-Taylor BL, Wang X, Scherr K, Ubel PA, Haaland B, Kahn VC, Hamstra D, Wei JT, Madanay F, Davis JK, Greeno TU, Fagerlin A. Two Specialists, Two Recommendations: Discordance Between Urologists' & Radiation Oncologists' Prostate Cancer Treatment Recommendations. Urology. 2022."
"60.Dennis EL, Taylor BA, Newsome MR, Troyanskaya M, Abildskov TJ, Betts AM, Bigler ED, Cole J, Davenport N, Duncan T, Gill J, Guedes V, Hinds SR, 2nd, Hovenden ES, Kenney K, Pugh MJ, Scheibel RS, Shahim PP, Shih R, Walker WC, Werner JK, York GE, Cifu DX, Tate DF, Wilde EA. Advanced brain age in deployment-related traumatic brain injury: A LIMBIC-CENC neuroimaging study. Brain Inj. 2022;36(5):662-672."
"61.Dismuke-Greer CE, Esmaeili A, Karmarkar AM, Davis B, Garcia C, Pugh MJ, Yaffe K. Economic impact of comorbid TBI-dementia on VA facility and non-VA facility costs, 2000-2020. Brain Inj. 2022;36(5):673-682."
"62.Doll JA, Beaver K, Naranjo D, Waldo SW, Maynard C, Helfrich CD, Rao SV. Trends in Arterial Access Site Selection and Bleeding Outcomes Following Coronary Procedures, 2011-2018. Circ Cardiovasc Qual Outcomes. 2022;15(5):e008359."
"63.Duff K, Wan L, Levine DA, Giordani B, Fowler NR, Fagerlin A, King JB, Hoffman JM. The Quick Dementia Rating System and Its Relationship to Biomarkers of Alzheimer's Disease and Neuropsychological Performance. Dement Geriatr Cogn Disord. 2022;51(3):214-220."
"64.Dunston ER, Mulibea PB, Chipman J, Zickmund S, Oza S, Zingg RW, Hansen PA, Coletta AM. Factors influencing engagement in hospital-based exercise oncology programs: A narrative review. Pm r. 2022."
"65.Eid MA, Barnes JA, Mehta K, Wanken Z, Columbo J, Kang R, Newhall K, Halpern V, Raffetto J, Kougias P, Henke P, Tang G, Mureebe L, Johanning J, Tzeng E, Scali S, Stone D, Suckow B, Lee E, Arya S, Orion K, O'Connell J, Brooke B, Ihnat D, Dosluoglu H, Zhou W, Nelson P, Spangler E, Barry M, Sirovich B, Goodney P. Factors Associated with Preference of Choice of Aortic Aneurysm Repair in the PReference for Open Versus Endovascular repair of AAA (PROVE-AAA) study. J Vasc Surg. 2022."
"66.Eid MA, Barry MJ, Tang GL, Henke PK, Johanning JM, Tzeng E, Scali ST, Stone DH, Suckow BD, Lee ES, Arya S, Brooke BS, Nelson PR, Spangler EL, Murebee L, Dosluoglu HH, Raffetto JD, Kougais P, Brewster LP, Alabi O, Dardik A, Halpern VJ, O'Connell JB, Ihnat DM, Zhou W, Sirovich BE, Metha K, Moore KO, Voorhees A, Goodney PP. Effect of a Decision Aid on Agreement Between Patient Preferences and Repair Type for Abdominal Aortic Aneurysm: A Randomized Clinical Trial. JAMA Surg. 2022:e222935."
"67.Eliacin J, Fortney SK, Rattray NA, Kean J. Patients' and caregivers' perspectives on healthcare navigation in Central Indiana, USA after brain injury. Health Soc Care Community. 2022;30(3):988-997."
"68.England BR, Roul P, Yang Y, Kalil AC, Michaud K, Thiele GM, Sauer BC, Baker JF, Mikuls TR. Risk of COVID-19 in Rheumatoid Arthritis: A National Veterans Affairs Matched Cohort Study in At-Risk Individuals. Arthritis Rheumatol. 2021;73(12):2179-2188."
"69.England BR, Yang Y, Roul P, Haas C, Najjar L, Sayles H, Yu F, Sauer BC, Baker JF, Xie F, Michaud K, Curtis JR, Mikuls TR. Identification of Multimorbidity Patterns in Rheumatoid Arthritis through Machine Learning. Arthritis Care Res (Hoboken). 2022."
"70.Engler ID, Vasavada KD, Vanneman ME, Schoenfeld AJ, Martin BI. Do Community-level Disadvantages Account for Racial Disparities in the Safety of Spine Surgery? A Large Database Study Based on Medicare Claims. Clin Orthop Relat Res. 2022."
"71.Ertem Z, Schechter-Perkins EM, Oster E, van den Berg P, Epshtein I, Chaiyakunapruk N, Wilson FA, Perencevich E, Pettey WBP, Branch-Elliman W, Nelson RE. The impact of school opening model on SARS-CoV-2 community incidence and mortality. Nat Med. 2021;27(12):2120-2126."
"72.Ertem Z, Schechter-Perkins EM, Oster E, van den Berg P, Epshtein I, Chaiyakunapruk N, Wilson FA, Perencevich E, Pettey WBP, Branch-Elliman W, Nelson RE. Author Correction: The impact of school opening model on SARS-CoV-2 community incidence and mortality. Nat Med. 2022;28(1):212."
"73.Evans ME, Simbartl LA, Kralovic SM, Clifton M, DeRoos K, McCauley BP, Gauldin N, Flarida LK, Gamage SD, Jones MM, Roselle GA. Healthcare-Associated Infections in Veterans Affairs Acute and Long-Term Healthcare Facilities During the Coronavirus Disease 2019 (COVID-19) Pandemic. Infect Control Hosp Epidemiol. 2022:1-24."
"74.Eyre H, Chapman AB, Peterson KS, Shi J, Alba PR, Jones MM, Box TL, DuVall SL, Patterson OV. Launching into clinical space with medspaCy: a new clinical text processing toolkit in Python. AMIA Annu Symp Proc. 2021;2021:438-447."
"75.Farrell TW, Butler JM, Towsley GL, Telonidis JS, Supiano KP, Stephens CE, Nelson NM, May AL, Edelman LS. Communication Disparities between Nursing Home Team Members. Int J Environ Res Public Health. 2022;19(10)."
"76.Featherall J, Anderson JT, Anderson LA, Bayless K, Anderson Z, Brooke BS, Gililland JM, Buys MJ. A Multidisciplinary Transitional Pain Management Program Is Associated With Reduced Opioid Dependence After Primary Total Joint Arthroplasty. J Arthroplasty. 2022;37(6):1048-1053."
"77.Federico LE, Johnson TM, England BR, Wysham KD, George MD, Sauer B, Hamilton BC, Hunter CD, Duryee MJ, Thiele GM, Mikuls TR, Baker JF. Circulating Adipokines and Associations with Incident Cardiovascular Disease in Rheumatoid Arthritis. Arthritis Care Res (Hoboken). 2022."
"78.Fino PC, Dibble LE, Wilde EA, Fino NF, Johnson P, Cortez MM, Hansen CR, van der Veen SM, Skop KM, Werner JK, Tate DF, Levin HS, Pugh MJV, Walker WC. Sensory Phenotypes for Balance Dysfunction After Mild Traumatic Brain Injury. Neurology. 2022;99(5):e521-535."
"79.Fisher L, Nelson RE, Ertem Z, Schechter-Perkins EM, Oster E, Branch-Elliman W. Lack of Association between Pandemic School Mode Policy and Pediatric Body Mass Index Percentile over Time. Child Obes. 2022."
"80.Fitzpatrick MA, Suda KJ, Poggensee L, Vivo A, Wilson G, Jones MM, Evans M, Safdar N, Evans CT. Treatment of extensively-drug resistant (XDR) Acinetobacter and impact on clinical outcomes in U.S. veterans affairs (VA) medical centers. Am J Infect Control. 2022;50(9):1020-1025."
"81.Frech TM, Murtaugh MA, Amuan M, Pugh MJ. The frequency of Raynaud's phenomenon, very early diagnosis of systemic sclerosis, and systemic sclerosis in a large Veteran Health Administration database. BMC Rheumatol. 2021;5(1):42."
"82.Fridman I, Ubel PA, Kahn VC, Fagerlin A. Association of quantitative information and patient knowledge about prostate cancer outcomes. Health Psychol. 2022;41(7):484-491."
"83.Friedman DR, Halwani AS, Kelley MJ. Reply to B.L. King-Kallimanis et al. JCO Clin Cancer Inform. 2022;6:e2200075."
"84.Friedman DR, Patil V, Li C, Rassmussen KM, Burningham Z, Hamilton-Hill S, Kelley MJ, Halwani AS. Integration of Patient-Reported Outcome Measures in the Electronic Health Record: The Veterans Affairs Experience. JCO Clin Cancer Inform. 2022;6:e2100086."
"85.Galloway A, Park Y, Tanukonda V, Ho YL, Nguyen XT, Maripuri M, Dey AT, Gerlovin H, Posner D, Lynch KE, Cai T, Luoh SW, Whitbourne S, Gagnon DR, Muralidhar S, Tsao PS, Casas JP, Michael Gaziano J, Wilson PW, Hung AM, Cho K. Impact of COVID-19 Severity on Long-term Events in US Veterans using the Veterans Affairs Severity Index for COVID-19 (VASIC). J Infect Dis. 2022."
"86.Gamage SD, Evans ME, McCauley BP, Lipscomb KR, Flarida L, Jones MM, Baza M, Barraza J, Simbartl LA, Roselle GA. Hospital COVID-19 Public Health Reporting: Lessons from Validation of an Automated Surveillance Tool to Facilitate Data Collection. Infect Control Hosp Epidemiol. 2022:1-21."
"87.Gawron AJ, Dominitz JA. Higher Quality Colonoscopy: Worth the Wait? Clin Transl Gastroenterol. 2022;13(4):e00471."
"88.Gawron AJ, Sultan S, Glorioso TJ, Califano S, Kralovic SM, Jones M, Kirsh S, Dominitz JA. Pre-endoscopy coronavirus disease 2019 screening and severe acute respiratory syndrome coronavirus-2 nucleic acid amplification testing in the Veterans Affairs healthcare system: clinical practice patterns, outcomes, and relationship to procedure volume. Gastrointest Endosc. 2022;96(3):423-432.e427."
"89.Gawron LM, He T, Lewis L, Fudin H, Callegari LS, Turok DK, Stevens V. Oral Emergency Contraception Provision in the Veterans Health Administration: a Retrospective Cohort Study. J Gen Intern Med. 2022."
"90.Geraci JC, Finley EP, Edwards ER, Frankfurt S, Kurz AS, Kamdar N, Vanneman ME, Lopoo LM, Patnaik H, Yoon J, Armstrong N, Greene AL, Cantor G, Wrobleski J, Young E, Goldsmith M, Seim RW, Goodman M. Partnered implementation of the veteran sponsorship initiative: protocol for a randomized hybrid type 2 effectiveness-implementation trial. Implement Sci. 2022;17(1):43."
"91.Gordon AJ, Kenny M, Dungan M, Gustavson AM, Kelley AT, Jones AL, Hawkins E, Frank JW, Danner A, Liberto J, Hagedorn H. Are x-waiver trainings enough? Facilitators and barriers to buprenorphine prescribing after x-waiver trainings. Am J Addict. 2022;31(2):152-158."
"92.Gottshall JL, Agyemang AA, O'Neil M, Wei G, Presson A, Hewins B, Fisher D, Mithani S, Shahim P, Pugh MJ, Wilde EA, Devoto C, Yaffe K, Gill J, Kenney K, Werner JK. Sleep quality: A common thread linking depression, post-traumatic stress, and post-concussive symptoms to biomarkers of neurodegeneration following traumatic brain injury. Brain Inj. 2022;36(5):633-643."
"93.Graber CJ, Simon AR, Zhang Y, Goetz MB, Jones MM, Butler JM, Chou AF, Glassman PA. Performance of infectious diseases specialists, hospitalists, and other internal medicine physicians in antimicrobial case-based scenarios: Potential impact of antimicrobial stewardship programs at 16 Veterans' Affairs medical centers. Infect Control Hosp Epidemiol. 2022:1-6."
"94.Grove JL, Kimbrel NA, Griffin SC, Halverson T, White MA, Blakey SM, Beckham JC, Dedert EA, Goldston DB, Pugh MJ, Calhoun PS. Cannabis use and suicide risk among Gulf War veterans. Death Stud. 2022:1-6."
"95.Gugger JJ, Kennedy E, Panahi S, Tate DF, Roghani A, Van Cott AC, Lopez MR, Altalib H, Diaz-Arrastia R, Pugh MJ. Multimodal Quality of Life Assessment in Post-9/11 Veterans With Epilepsy: Impact of Drug Resistance, Traumatic Brain Injury, and Comorbidity. Neurology. 2022;98(17):e1761-e1770."
"96.Guo J, Gellad WF, Yang Q, Weiss JC, Donohue JM, Cochran G, Gordon AJ, Malone DC, Kwoh CK, Kuza CC, Wilson DL, Lo-Ciganic WH. Changes in predicted opioid overdose risk over time in a state Medicaid program: a group-based trajectory modeling analysis. Addiction. 2022;117(8):2254-2263."
"97.Haarbauer-Krupa J, Pugh MJ, Prager EM, Harmon N, Wolfe J, Yaffe K. Epidemiology of Chronic Effects of Traumatic Brain Injury. J Neurotrauma. 2021;38(23):3235-3247."
"98.Hagedorn HJ, Gustavson AM, Ackland PE, Bangerter A, Bounthavong M, Clothier B, Harris AHS, Kenny ME, Noorbaloochi S, Salameh HA, Gordon AJ. Advancing Pharmacological Treatments for Opioid Use Disorder (ADaPT-OUD): an Implementation Trial in Eight Veterans Health Administration Facilities. J Gen Intern Med. 2022:1-9."
"99.Hakim AJ, Brooke BS, Beckstrom JL, Sarfati MR, Kraiss LW. Rules of 6 criteria predict dialysis fistula maturation but not all rules are equal. J Vasc Surg. 2022;76(1):232-238.e232."
"100.Halverson TF, Mann AJD, Zelkowitz RL, Patel TA, Evans MK, Aho N, Beckham JC, Calhoun PS, Pugh MJ, Kimbrel NA. Nonsuicidal self-injury in veterans: Prevalence, clinical characteristics, and gender differences from a national cohort. Psychiatry Res. 2022;315:114708."
"101.Halwani AS, Panizo C, Isufi I, Herrera AF, Okada CY, Cull EH, Kis B, Chaves JM, Bartlett NL, Ai W, de la Cruz-Merino L, Bryan LJ, Houot R, Linton K, Briones J, Chau I, von Keudell GR, Lu H, Yakovich A, Chen M, Meulen Jh T, Yurasov S, Hsu FJ, Flowers CR. Phase 1/2 study of intratumoral G100 (TLR4 agonist) with or without pembrolizumab in follicular lymphoma. Leuk Lymphoma. 2022;63(4):821-833."
"102.Harris BR, Beesley SJ, Hopkins RO, Hirshberg EL, Wilson E, Butler J, Oniki TA, Kuttler KG, Orme JF, Brown SM. Heart rate variability and subsequent psychological distress among family members of intensive care unit patients. J Int Med Res. 2021;49(11):3000605211057829."
"103.Hawkins EJ, Malte CA, Gordon AJ, Williams EC, Hagedorn HJ, Drexler K, Blanchard BE, Burden JL, Knoeppel J, Danner AN, Lott A, Liberto JG, Saxon AJ. Accessibility to Medication for Opioid Use Disorder After Interventions to Improve Prescribing Among Nonaddiction Clinics in the US Veterans Health Care System. JAMA Netw Open. 2021;4(12):e2137238."
"104.Hayes CJ, Cucciare MA, Martin BC, Hudson TJ, Bush K, Lo-Ciganic W, Yu H, Charron E, Gordon AJ. Using data science to improve outcomes for persons with opioid use disorder. Subst Abus. 2022;43(1):956-963."
"105.Hickey TR, Henry JT, Edens EL, Gordon AJ, Acampora G. Perioperative Management of Extended-release Buprenorphine. J Addict Med. 2022."
"106.Holder N, Batten AJ, Shiner B, Li Y, Madden E, Neylan TC, Seal KH, Patterson OV, DuVall SL, Maguen S. Veterans receiving a second course of cognitive processing therapy or prolonged exposure therapy: is it better to switch or stay the same? Cogn Behav Ther. 2022;51(6):456-469."
"107.Holeman TA, Buys MJ, Bayless K, Anderson Z, Hales J, Brooke BS. Complete opioid cessation after surgery improves patient-reported pain measures among chronic opioid users. Surgery. 2022;172(3):943-948."
"108.Holeman TA, Groberg J, Hales JL, Brooke BS. Patient-reported physical function as a preoperative predictor of recovery after vascular surgery. J Vasc Surg. 2022;76(2):564-571.e561."
"109.Horwitz SM, Ansell S, Ai WZ, Barnes J, Barta SK, Brammer J, Clemens MW, Dogan A, Foss F, Ghione P, Goodman AM, Guitart J, Halwani A, Haverkos BM, Hoppe RT, Jacobsen E, Jagadeesh D, Jones A, Kallam A, Kim YH, Kumar K, Mehta-Shah N, Olsen EA, Rajguru SA, Rozati S, Said J, Shaver A, Shea L, Shinohara MM, Sokol L, Torres-Cabala C, Wilcox R, Wu P, Zain J, Dwyer M, Sundar H. T-Cell Lymphomas, Version 2.2022, NCCN Clinical Practice Guidelines in Oncology. J Natl Compr Canc Netw. 2022;20(3):285-308."
"110.Howard JT, Stewart IJ, Amuan M, Janak JC, Pugh MJ. Association of Traumatic Brain Injury With Mortality Among Military Veterans Serving After September 11, 2001. JAMA Netw Open. 2022;5(2):e2148150."
"111.Hu YD, Jones JM, Sensenig CJ, Eid MA, Mehta K, Goldwag JL, Barnes JA, Moore KO, Halpern V, Henke P, Tang G, Mureebe L, Alabi O, Tzeng E, Stone D, Brooke B, Nelson P, Spangler E, Barry M, Kang R, Scali S, O'Connell J, Goodney P. The Impact of Work Status and Age in Choosing Type of Abdominal Aortic Aneurysm Repair. J Surg Res. 2022;275:149-154."
"112.Hussey MR, Suter MK, Mohanty AF, Enquobahrie DA. Placental cadmium, placental genetic variations, and birth size. J Matern Fetal Neonatal Med. 2021:1-9."
"113.Incze MA, Kelley AT, Gordon AJ. Champions Among Us: Leading Primary Care to the Forefront of Opioid Use Disorder Treatment. J Gen Intern Med. 2022;37(7):1771-1773."
"114.Incze MA, Kelley AT, Johnson K. Reexamining Medicaid Patient Review and Restriction Programs Amid the Evolving Opioid Epidemic. JAMA Intern Med. 2022;182(8):789-790."
"115.Incze MA, Kelley AT, Singer PM. Heterogeneous State Cannabis Policies: Potential Implications for Patients and Health Care Professionals. Jama. 2021;326(23):2363-2364."
"116.Johnson SB, Parsons M, Dorff T, Moran MS, Ward JH, Cohen SA, Akerley W, Bauman J, Hubbard J, Spratt DE, Bylund CL, Swire-Thompson B, Onega T, Scherer LD, Tward J, Fagerlin A. Cancer Misinformation and Harmful Information on Facebook and Other Social Media: A Brief Report. J Natl Cancer Inst. 2022;114(7):1036-1039."
"117.Johnson TM, Sayles HR, Baker JF, George MD, Roul P, Zheng C, Sauer B, Liao KP, Anderson DR, Mikuls TR, England BR. Investigating changes in disease activity as a mediator of cardiovascular risk reduction with methotrexate use in rheumatoid arthritis. Ann Rheum Dis. 2021;80(11):1385-1392."
"118.Jones AE, McCarty MM, Brito JP, Noseworthy PA, Cavanaugh KL, Cameron KA, Barnes GD, Steinberg BA, Witt DM, Crossley GH, Passman R, Kansal P, Hargraves I, Schmidt M, Jackson E, Guzman A, Ariotti A, Pershing ML, Herrick J, Montori VM, Fagerlin A, Ozanne EM. Randomized evaluation of decision support interventions for atrial fibrillation: Rationale and design of the RED-AF study. Am Heart J. 2022;248:42-52."
"119.Jones AE, Saunders J, Vazquez SR, Fagerlin A, Witt DM. A survey of current anticoagulation patient education practices and development. Thromb Res. 2021;208:11-13."
"120.Jones AL, Gelberg L, deRussy AJ, Varley AL, Riggs KR, Gordon AJ, Kertesz SG. Low Uptake of Secure Messaging Among Veterans With Experiences of Homelessness and Substance Use Disorders. J Addict Med. 2021;15(6):508-511."
"121.Jones AL, Kelley AT, Suo Y, Baylis JD, Codell NK, West NA, Gordon AJ. Trends in Health Service Utilization After Enrollment in an Interdisciplinary Primary Care Clinic for Veterans with Addiction, Social Determinants of Health, or Other Vulnerabilities. J Gen Intern Med. 2022:1-9."
"122.Jones AL, Rafferty J, Cochran SD, Abelson J, Hanna MR, Mays VM. Prevalence, Severity and Burden of Post-Traumatic Stress Disorder in Black Men and Women Across the Adult Life span. J Aging Health. 2022;34(3):401-412."
"123.Jones AL, Rafferty J, Cochran SD, Abelson J, Mays VM. Persistence, Impairment, Disability and Unmet Treatment of Lifetime and 12-Month Anxiety Disorders in Black Men and Women, 50 Years of Age and Older. J Aging Health. 2022;34(3):378-389."
"124.Jones BE, Ying J, Nevers MR, Alba PR, Patterson OV, Peterson KS, Rutter E, Christensen MA, Stern S, Jones MM, Gundlapalli A, Dean NC, Samore MC, Greene T. Trends in Illness Severity, Hospitalization, and Mortality for Community-Onset Pneumonia at 118 US Veterans Affairs Medical Centers. J Gen Intern Med. 2022:1-9."
"125.Jones JM, Hu YD, Eid MA, Sensenig CJ, Mehta KS, Goldwag JL, Barnes JA, Kang R, Barry MJ, Spangler EL, Nelson PR, Mureebe L, Tang G, Tzeng E, Alabi O, Halpern VJ, Stone DH, Brooke BS, Moore K, Henke P, Scali S, O'Connell J, Goodney PP. Short-Term Concerns Primarily Determine Patient Preference for Abdominal Aortic Aneurysm Repair. J Surg Res. 2022;269:119-128."
"126.Jones M, Khader K, Branch-Elliman W. Estimated Impact of the US COVID-19 Vaccination Campaign-Getting to 94% of Deaths Prevented. JAMA Netw Open. 2022;5(7):e2220391."
"127.Kaiser JE, Galindo E, Sanders JN, Simmons RG, Gawron LM, Herrick JS, Brintz B, Turok DK. Determining the impact of the Zika pandemic on primary care providers' contraceptive counseling of non-pregnant patients in the US: a mixed methods study. BMC Health Serv Res. 2021;21(1):1215."
"128.Kalvesmaki AF, Chapman AB, Peterson KS, Pugh MJ, Jones M, Gleason TC. Analysis of a national response to a White House directive for ending veteran suicide. Health Serv Res. 2022;57 Suppl 1(Suppl 1):32-41."
"129.Kan P, Mohanty A, Meyers PM, Coon AL, Wakhloo AK, Marosfoi M, Bain M, de Vries J, Ebersole K, Lanzino G, Taussky P, Hanel RA. Treatment of large and giant posterior communicating artery aneurysms with the Surpass streamline flow diverter: results from the SCENT trial. J Neurointerv Surg. 2022."
"130.Kelley AT, Incze MA, Baylis JD, Calder SG, Weiner SJ, Zickmund SL, Jones AL, Vanneman ME, Conroy MB, Gordon AJ, Bridges JFP. Patient-centered quality measurement for opioid use disorder: Development of a taxonomy to address gaps in research and practice. Subst Abus. 2022;43(1):1286-1299."
"131.Kelley AT, Smid MC, Baylis JD, Charron E, Begaye LJ, Binns-Calvey A, Archer S, Weiner S, Pettey W, Cochran G. Treatment access for opioid use disorder in pregnancy among rural and American Indian communities. J Subst Abuse Treat. 2022;136:108685."
"132.Kelton K, Young JR, Evans MK, Eshera YM, Blakey SM, Mann AJD, Pugh MJ, Calhoun PS, Beckham JC, Kimbrel NA. Complementary/integrative healthcare utilization in US Gulf-War era veterans: Descriptive analyses based on deployment history, combat exposure, and Gulf War Illness. Complement Ther Clin Pract. 2022;49:101644."
"133.Kelz RR, Brooke B, Dossett L. Leveraging the Health Services Research Toolbox for Surgical Education Research. JAMA Surg. 2022;157(8):649-650."
"134.Kennedy AJ, McGinnis KA, Merlin JS, Edelman EJ, Gordon AJ, Korthuis PT, Skanderson M, Williams EC, Wyse J, Oldfield B, Bryant K, Justice A, Fiellin DA, Kraemer KL. Impact of intensity of behavioral treatment, with or without medication treatment, for opioid use disorder on HIV outcomes in persons with HIV. J Subst Abuse Treat. 2022;132:108509."
"135.Kennedy E, Panahi S, Stewart IJ, Tate DF, Wilde EA, Kenney K, Werner JK, Gill J, Diaz-Arrastia R, Amuan M, Van Cott AC, Pugh MJ. Traumatic Brain Injury and Early Onset Dementia in Post 9-11 Veterans. Brain Inj. 2022;36(5):620-627."
"136.Kerber KA, Carender W, Telian SA, Fagerlin A, Tsodikov A, Meurer WJ. Patient Self-Management of Benign Paroxysmal Positional Vertigo: Instructional Video Development and Preliminary Evaluation of Behavioral Outcomes. Otol Neurotol. 2022;43(1):e105-e115."
"137.Keswani RN, Wood M, Benson M, Gawron AJ, Kahi C, Kaltenbach T, Yadlapati R, Gregory D, Duloy A. Individualized feedback on colonoscopy skills improves group colonoscopy quality in providers with lower adenoma detection rates. Endosc Int Open. 2022;10(3):E232-e237."
"138.Khaki AR, Shan Y, Nelson RE, Kaul S, Gore JL, Grivas P, Williams SB. Cost-effectiveness analysis of neoadjuvant immune checkpoint inhibition vs. cisplatin-based chemotherapy in muscle invasive bladder cancer. Urol Oncol. 2021;39(10):732.e739-732.e716."
"139.Kimmel HJ, Levine DA, Whitney RT, Forman J, Plassman BL, Fagerlin A, Welsh-Bohmer KA, Reale BK, Galecki AT, Blair E, Langa KM, Giordani B, Kollman C, Wang J, Zahuranec DB. A Mixed-Methods Study of the Impact of Mild Cognitive Impairment Diagnosis on Patient and Care Partner Perception of Health Risks. J Alzheimers Dis. 2022;85(3):1175-1187."
"140.Kiser AC, Eilbeck K, Ferraro JP, Skarda DE, Samore MH, Bucher B. Standard Vocabularies to Improve Machine Learning Model Transferability With Electronic Health Record Data: Retrospective Cohort Study Using Health Care-Associated Infection. JMIR Med Inform. 2022;10(8):e39057."
"141.Knight SJ, Haibach JP, Hamilton AB, Whittle J, Ono SS, Butler J, Flower M, Ray CD, Pugh MJ, Zickmund SL. Veteran Engagement in Health Services Research: a Conceptual Model. J Gen Intern Med. 2022;37(Suppl 1):94-98."
"142.Ko H, Brodke DS, Vanneman ME, Schoenfeld AJ, Martin BI. Is Discretionary Care Associated with Safety Among Medicare Beneficiaries Undergoing Spine Surgery? J Bone Joint Surg Am. 2022;104(3):246-254."
"143.Ko H, Martin BI, Nelson RE, Pelt CE. Patient selection in the Comprehensive Care for Joint Replacement model. Health Serv Res. 2022;57(1):72-90."
"144.Kostka K, Duarte-Salles T, Prats-Uribe A, Sena AG, Pistillo A, Khalid S, Lai LYH, Golozar A, Alshammari TM, Dawoud DM, Nyberg F, Wilcox AB, Andryc A, Williams A, Ostropolets A, Areia C, Jung CY, Harle CA, Reich CG, Blacketer C, Morales DR, Dorr DA, Burn E, Roel E, Tan EH, Minty E, DeFalco F, de Maeztu G, Lipori G, Alghoul H, Zhu H, Thomas JA, Bian J, Park J, Martínez Roldán J, Posada JD, Banda JM, Horcajada JP, Kohler J, Shah K, Natarajan K, Lynch KE, Liu L, Schilling LM, Recalde M, Spotnitz M, Gong M, Matheny ME, Valveny N, Weiskopf NG, Shah N, Alser O, Casajust P, Park RW, Schuff R, Seager S, DuVall SL, You SC, Song S, Fernández-Bertolín S, Fortin S, Magoc T, Falconer T, Subbian V, Huser V, Ahmed WU, Carter W, Guan Y, Galvan Y, He X, Rijnbeek PR, Hripcsak G, Ryan PB, Suchard MA, Prieto-Alhambra D. Unraveling COVID-19: A Large-Scale Characterization of 4.5 Million COVID-19 Cases Using CHARYBDIS. Clin Epidemiol. 2022;14:369-384."
"145.Kraemer KL, Althouse AD, Salay M, Gordon AJ, Wright E, Anisman D, Cochran G, Fischer G, Gellad WF, Hamm M, Kern M, Wasan AD. Effect of Different Interventions to Help Primary Care Clinicians Avoid Unsafe Opioid Prescribing in Opioid-Naive Patients With Acute Noncancer Pain: A Cluster Randomized Clinical Trial. JAMA Health Forum. 2022;3(7):e222263."
"146.Kraiss LW, Al-Dulaimi R, Allen CM, Mell MW, Arya S, Presson AP, Brooke BS. A Vascular Quality Initiative frailty assessment predicts postdischarge mortality in patients undergoing arterial reconstruction. J Vasc Surg. 2022."
"147.Landis RK, Levin JS, Saloner B, Gordon AJ, Dick AW, Sherry TB, Leslie DL, Sorbero M, Stein BD. Sociodemographic differences in quality of treatment to Medicaid enrollees receiving buprenorphine. Subst Abus. 2022;43(1):1057-1071."
"148.Lee KM, Heberer K, Gao A, Becker DJ, Loeb S, Makarov DV, Gulanski B, DuVall SL, Aslan M, Lee J, Shih MC, Lynch JA, Hauger RL, Rettig M. A Population-Level Analysis of the Protective Effects of Androgen Deprivation Therapy Against COVID-19 Disease Incidence and Severity. Front Med (Lausanne). 2022;9:774773."
"149.Lehinger E, Reed DE, Nabity P, Brackins N, Villarreal R, McGeary C, Blount T, Cobos B, Jaramillo C, Eapen BC, Pugh MJ, Potter J, Peterson A, Young-McCaughan S, Houle T, McGeary DD. An Examination of Chronic Pain Indices and the Updated Posttraumatic Stress Disorder Checklist for Diagnostic and Statistical Manual of Mental-Disorders-Fifth Edition. Mil Med. 2021;186(11-12):e1199-e1206."
"150.Levine DA, Galecki AT, Plassman BL, Fagerlin A, Wallner LP, Langa KM, Whitney RT, Nallamothu BK, Morgenstern LB, Reale BK, Blair EM, Giordani B, Welsh-Bohmer KA, Kabeto MU, Zahuranec DB. The Association Between Mild Cognitive Impairment Diagnosis and Patient Treatment Preferences: a Survey of Older Adults. J Gen Intern Med. 2022;37(8):1925-1934."
"151.Leykum LK, Penney LS, Dang S, Trivedi RB, Noël PH, Pugh JA, Shepherd-Banigan ME, Pugh MJ, Rupper R, Finley E, Parish-Johnson J, Delgado R, Peacock K, Kalvesmaki A, Van Houtven CH. Recommendations to Improve Health Outcomes Through Recognizing and Supporting Caregivers. J Gen Intern Med. 2022;37(5):1265-1269."
"152.Litchman ML, Moreland C, Fagerlin A, Kushalnagar P. Limited Diabetes Education and Resources in American Sign Language. Diabetes Spectr. 2022;35(2):134-135."
"153.Liu S, Reese TJ, Kawamoto K, Del Fiol G, Weir C. A theory-based meta-regression of factors influencing clinical decision support adoption and implementation. J Am Med Inform Assoc. 2021;28(11):2514-2522."
"154.Livingston NA, Lynch KE, Hinds Z, Gatsby E, DuVall SL, Shipherd JC. Identifying Posttraumatic Stress Disorder and Disparity Among Transgender Veterans Using Nationwide Veterans Health Administration Electronic Health Record Data. LGBT Health. 2022;9(2):94-102."
"155.Lo-Ciganic WH, Donohue JM, Yang Q, Huang JL, Chang CY, Weiss JC, Guo J, Zhang HH, Cochran G, Gordon AJ, Malone DC, Kwoh CK, Wilson DL, Kuza CC, Gellad WF. Developing and validating a machine-learning algorithm to predict opioid overdose in Medicaid beneficiaries in two US states: a prognostic modelling study. Lancet Digit Health. 2022;4(6):e455-e465."
"156.Lowery J, Fagerlin A, Larkin AR, Wiener RS, Skurla SE, Caverly TJ. Implementation of a Web-Based Tool for Shared Decision-making in Lung Cancer Screening: Mixed Methods Quality Improvement Evaluation. JMIR Hum Factors. 2022;9(2):e32399."
"157.Lynch KE, Livingston NA, Gatsby E, Shipherd JC, DuVall SL, Williams EC. Alcohol-attributable deaths and years of potential life lost due to alcohol among veterans: Overall and between persons with minoritized and non-minoritized sexual orientations. Drug Alcohol Depend. 2022;237:109534."
"158.Lynch KE, Shipherd JC, Gatsby E, Viernes B, DuVall SL, Blosnich JR. Sexual orientation-related disparities in health conditions that elevate COVID-19 severity. Ann Epidemiol. 2022;66:5-12."
"159.Lynch KE, Viernes B, Gatsby E, DuVall SL, Jones BE, Box TL, Kreisler C, Jones M. Positive Predictive Value of COVID-19 ICD-10 Diagnosis Codes Across Calendar Time and Clinical Setting. Clin Epidemiol. 2021;13:1011-1018."
"160.Madaras-Kelly KJ, Rovelsky SA, McKie RA, Nevers MR, Ying J, Haaland BA, Kay CL, Christopher ML, Hicks LA, Samore MH. Implementation and outcomes of a clinician-directed intervention to improve antibiotic prescribing for acute respiratory tract infections within the Veterans' Affairs Healthcare System. Infect Control Hosp Epidemiol. 2022:1-9."
"161.Magel J, Bishop MD, Lonnemann E, Cochran G, Fritz JM, West N, Gordon AJ. The association between advanced orthopedic certification and confidence and engagement in prescription opioid medication misuse management practices: a cross-sectional study. J Man Manip Ther. 2022;30(4):228-238."
"162.Magel JJ, Cochran G, West N, Fritz JM, Bishop MD, Gordon AJ. Physical therapists' attitudes are associated with their confidence in and the frequency with which they engage in prescription opioid medication misuse management practices with their patients. A cross-sectional study. Subst Abus. 2022;43(1):433-441."
"163.Maggio LA, Brecha FS, Fagerlin A, Good ML, Kanter SL. Population Health at the Academic Health Center: An Interactive, Multipart, Case-Based Session for Executives, Faculty, and Administrators. MedEdPORTAL. 2022;18:11204."
"164.McGeary DD, Jaramillo C, Eapen B, Blount TH, Nabity PS, Moreno J, Pugh MJ, Houle TT, Potter JS, Young-McCaughan S, Peterson AL, Villarreal R, Brackins N, Sikorski Z, Johnson TR, Tapia R, Reed D, Caya CA, Bomer D, Simmonds M, McGeary CA. Mindfulness-Based Interdisciplinary Pain Management Program for Complex Polymorbid Pain in Veterans: A Randomized Clinical Trial. Arch Phys Med Rehabil. 2022."
"165.McGinnis KA, Tate JP, Bryant KJ, Justice AC, O'Connor PG, Rodriguez-Barradas MC, Crystal S, Cutter CJ, Hansen NB, Maisto SA, Marconi VC, Williams EC, Cook RL, Gordon AJ, Gordon KS, Eyawo O, Edelman EJ, Fiellin DA. Change in Alcohol Use Based on Self-Report and a Quantitative Biomarker, Phosphatidylethanol, in People With HIV. AIDS Behav. 2022;26(3):786-794."
"166.McKinley L, Goedken CC, Balkenende E, Clore G, Hockett SS, Bartel R, Bradley S, Judd J, Lyons G, Rock C, Rubin M, Shaughnessy C, Reisinger HS, Perencevich E, Safdar N. Evaluation of daily environmental cleaning and disinfection practices in veterans affairs acute and long-term care facilities: A mixed methods study. Am J Infect Control. 2022."
"167.Mietchen MS, Short CT, Samore M, Lofgren ET. Examining the impact of ICU population interaction structure on modeled colonization dynamics of Staphylococcus aureus. PLoS Comput Biol. 2022;18(7):e1010352."
"168.Mohanty AF, Levitan EB, King JB, Dodson JA, Vardeny O, Cook J, Herrick JS, He T, Patterson OV, Alba PR, Russo PA, Obi EN, Choi ME, Fang JC, Bress AP. Sacubitril/Valsartan Initiation Among Veterans Who Are Renin-Angiotensin-Aldosterone System Inhibitor Naïve With Heart Failure and Reduced Ejection Fraction. J Am Heart Assoc. 2021;10(20):e020474."
"169.Mohr DC, Zhang L, Prentice JC, Nelson RE, Li D, Pleasants E, Conlin PR. Association of hemoglobin A1c time in range with risk for diabetes complications. BMJ Open Diabetes Res Care. 2022;10(4)."
"170.Morales DR, Ostropolets A, Lai L, Sena A, Duvall S, Suchard M, Verhamme K, Rjinbeek P, Posada J, Ahmed W, Alshammary T, Alghoul H, Alser O, Areia C, Blacketer C, Burn E, Casajust P, You SC, Dawoud D, Golozar A, Gong M, Jonnagaddala J, Lynch K, Matheny M, Minty E, Nyberg F, Uribe A, Recalde M, Reich C, Scheumie M, Shah K, Shah N, Schilling L, Vizcaya D, Zhang L, Hripcsak G, Ryan P, Prieto-Alhambra D, Durate-Salles T, Kostka K. Characteristics and outcomes of COVID-19 patients with and without asthma from the United States, South Korea, and Europe. J Asthma. 2022:1-11."
"171.Munger Clary H, Josephson SA, Franklin G, Herman ST, Hopp JL, Hughes I, Meunier L, Moura L, Parker-McFadden B, Pugh MJ, Schultz R, Spanaki MV, Bennett A, Baca C. Seizure Frequency Process and Outcome Quality Measures: Quality Improvement in Neurology. Neurology. 2022;98(14):583-590."
"172.Munger MA, Nelson SD, Teng CC, Cheung AK, Sauer BC. Reduced risk of NSAID-Induced adverse events with concomitant use of misoprostol (MICRO study). Pharmacotherapy. 2022;42(7):540-548."
"173.Natalini JG, England BR, Baker JF, Chen Q, Singh N, Mahajan TD, Roul P, Thiele GM, Sauer BC, Mikuls TR, Johnson FB, Kawut SM. Associations between shortened telomeres and rheumatoid arthritis-associated interstitial lung disease among U.S. Veterans. Respir Med. 2022;201:106943."
"174.Nelson RE, Hyun D, Jezek A, Samore MH. Mortality, Length of Stay, and Healthcare Costs Associated With Multidrug-Resistant Bacterial Infections Among Elderly Hospitalized Patients in the United States. Clin Infect Dis. 2022;74(6):1070-1080."
"175.Nestsiarovich A, Reps JM, Matheny ME, DuVall SL, Lynch KE, Beaton M, Jiang X, Spotnitz M, Pfohl SR, Shah NH, Torre CO, Reich CG, Lee DY, Son SJ, You SC, Park RW, Ryan PB, Lambert CG. Predictors of diagnostic transition from major depressive disorder to bipolar disorder: a retrospective observational network study. Transl Psychiatry. 2021;11(1):642."
"176.Neuberger K, McCrary H, Beckstrom J, Darelli-Anderson AM, Farrell TW, Brooke BS, Smith BK, Brownson KE. Improving healthcare transitions of surgical care through an interprofessional education elective. J Am Geriatr Soc. 2022;70(3):E11-e14."
"177.Nono Djotsa ABS, Helmer DA, Park C, Lynch KE, Sharafkhaneh A, Naik AD, Razjouyan J, Amos CI. Assessing Smoking Status and Risk of SARS-CoV-2 Infection: A Machine Learning Approach among Veterans. Healthcare (Basel). 2022;10(7)."
"178.Nugent SM, Cottrell E, Knight SJ, Helfand M. Health Experiences Research as a Resource and Mechanism for Veteran Engagement in VA Healthcare Research and Care Delivery. J Gen Intern Med. 2022;37(Suppl 1):118-122."
"179.Nugent SM, Morasco BJ, Handley R, Clayburgh D, Hooker ER, Ganzini L, Knight SJ, Chen JI, Sullivan DR, Slatore CG. Risk of Suicidal Self-directed Violence Among US Veteran Survivors of Head and Neck Cancer. JAMA Otolaryngol Head Neck Surg. 2021;147(11):981-989."
"180.O'Banion LA, Dirks R, Saldana-Ruiz N, Farooqui E, Yoon WJ, Pozolo C, Fox CJ, Crally A, Siada S, Nehler MR, Brooke BS, Beckstrom JL, Kiang S, Boggs HK, Chandra V, Ho VT, Zhou W, Lee A, Bowens N, Cho Y, Woo K, Ulloa J, Magee GA. Contemporary outcomes of traumatic popliteal artery injury repair from the popliteal scoring assessment for vascular extremity injury in trauma study. J Vasc Surg. 2021;74(5):1573-1580.e1572."
"181.O'Daniel JM, Ackerman S, Desrosiers LR, Rego S, Knight SJ, Mollison L, Byfield G, Anderson KP, Danila MI, Horowitz CR, Joseph G, Lamoure G, Lindberg NM, McMullen CK, Mittendorf KF, Ramos MA, Robinson M, Sillari C, Madden EB. Integration of stakeholder engagement from development to dissemination in genomic medicine research: Approaches and outcomes from the CSER Consortium. Genet Med. 2022;24(5):1108-1119."
"182.Okorie CL, Gatsby E, Schroeck FR, Ould Ismail AA, Lynch KE. Using electronic health records to streamline provider recruitment for implementation science studies. PLoS One. 2022;17(5):e0267915."
"183.Oslin DW, Lynch KG, Shih MC, Ingram EP, Wray LO, Chapman SR, Kranzler HR, Gelernter J, Pyne JM, Stone A, DuVall SL, Lehmann LS, Thase ME, Aslam M, Batki SL, Bjork JM, Blow FC, Brenner LA, Chen P, Desai S, Dieperink EW, Fears SC, Fuller MA, Goodman CS, Graham DP, Haas GL, Hamner MB, Helstrom AW, Hurley RA, Icardi MS, Jurjus GJ, Kilbourne AM, Kreyenbuhl J, Lache DJ, Lieske SP, Lynch JA, Meyer LJ, Montalvo C, Muralidhar S, Ostacher MJ, Paschall GY, Pfeiffer PN, Prieto S, Przygodzki RM, Ranganathan M, Rodriguez-Suarez MM, Roggenkamp H, Schichman SA, Schneeweis JS, Simonetti JA, Steinhauer SR, Suppes T, Umbert MA, Vassy JL, Voora D, Wiechers IR, Wood AE. Effect of Pharmacogenomic Testing for Drug-Gene Interactions on Medication Selection and Remission of Symptoms in Major Depressive Disorder: The PRIME Care Randomized Clinical Trial. Jama. 2022;328(2):151-161."
"184.Parbhu SK, Shah SC, Sossenheimer MJ, Fang JC, Peterson KA, Gawron AJ. Index diagnoses of gastric intestinal metaplasia in the United States: patient characteristics, endoscopic findings, and clinical practice patterns at a large tertiary care center. Therap Adv Gastroenterol. 2022;15:17562848221117640."
"185.Park C, Razjouyan J, Hanania NA, Helmer DA, Naik AD, Lynch KE, Amos CI, Sharafkhaneh A. Elevated Risk of Chronic Respiratory Conditions within 60 Days of COVID-19 Hospitalization in Veterans. Healthcare (Basel). 2022;10(2)."
"186.Parsons MW, Wada DA, Halwani AS, Tao R, Gaffney DK. Improved overall survival over time in advanced stage mycosis fungoides: a cross-sectional study. Leuk Lymphoma. 2022:1-8."
"187.Passey D, Healy R, Qualls J, Hamilton CJ, Tilley E, Burningham Z, Sauer B, Halwani A. Development and implementation of a pharmacist-led telehealth medication management program for veterans receiving oral antineoplastic therapies through the MISSION Act. Am J Health Syst Pharm. 2022;79(11):835-843."
"188.Patel TA, Mann AJ, Nomamiukor FO, Blakey SM, Calhoun PS, Beckham JC, Pugh MJ, Kimbrel NA. Correlates and clinical associations of military sexual assault in Gulf War era U.S. veterans: Findings from a national sample. J Trauma Stress. 2022;35(4):1240-1251."
"189.Patra BG, Sharma MM, Vekaria V, Adekkanattu P, Patterson OV, Glicksberg B, Lepow LA, Ryu E, Biernacka JM, Furmanchuk A, George TJ, Hogan W, Wu Y, Yang X, Bian J, Weissman M, Wickramaratne P, Mann JJ, Olfson M, Campion TR, Weiner M, Pathak J. Extracting social determinants of health from electronic health records using natural language processing: a systematic review. J Am Med Inform Assoc. 2021;28(12):2716-2727."
"190.Peltan ID, McLean SR, Murnin E, Butler AM, Wilson EL, Samore MH, Hough CL, Dean NC, Bledsoe JR, Brown SM. Prevalence, Characteristics, and Outcomes of Emergency Department Discharge Among Patients With Sepsis. JAMA Netw Open. 2022;5(2):e2147882."
"191.Perry C, Liberto J, Milliken C, Burden J, Hagedorn H, Atkinson T, McKay JR, Mooney L, Sall J, Sasson C, Saxon A, Spevak C, Gordon AJ. The Management of Substance Use Disorders: Synopsis of the 2021 U.S. Department of Veterans Affairs and U.S. Department of Defense Clinical Practice Guideline. Ann Intern Med. 2022;175(5):720-731."
"192.Peterson J, Wilson T, Gruhl J, Davis S, Olsen J, Parsons M, Kann B, Fagerlin A, Watt M, Johnson S. Timing and Motivations for Alternative Cancer Therapy With Insights From a Crowdfunding Platform: Cross-sectional Mixed Methods Study. JMIR Cancer. 2022;8(2):e34183."
"193.Petrakis I, Springer SA, Davis C, Ralevski E, Gu L, Lew R, Hermos J, Nuite M, Gordon AJ, Kosten TR, Nunes EV, Rosenheck R, Saxon AJ, Swift R, Goldberg A, Ringer R, Ferguson R. Rationale, design and methods of VA-BRAVE: a randomized comparative effectiveness trial of two formulations of buprenorphine for treatment of opioid use disorder in veterans. Addict Sci Clin Pract. 2022;17(1):6."
"194.Pilishvili T, Gierke R, Fleming-Dutra KE, Farrar JL, Mohr NM, Talan DA, Krishnadasan A, Harland KK, Smithline HA, Hou PC, Lee LC, Lim SC, Moran GJ, Krebs E, Steele MT, Beiser DG, Faine B, Haran JP, Nandi U, Schrading WA, Chinnock B, Henning DJ, Lovecchio F, Lee J, Barter D, Brackney M, Fridkin SK, Marceaux-Galli K, Lim S, Phipps EC, Dumyati G, Pierce R, Markus TM, Anderson DJ, Debes AK, Lin MY, Mayer J, Kwon JH, Safdar N, Fischer M, Singleton R, Chea N, Magill SS, Verani JR, Schrag SJ. Effectiveness of mRNA Covid-19 Vaccine among U.S. Health Care Personnel. N Engl J Med. 2021;385(25):e90."
"195.Pinto NM, Patel A, Delaney RK, Donofrio MT, Marino BS, Miller S, Ozanne EM, Zickmund SL, Karasawa MH, Pershing ML, Fagerlin A. Provider insights on shared decision-making with families affected by CHD. Cardiol Young. 2021:1-8."
"196.Post AR, Burningham Z, Halwani AS. Electronic Health Record Data in Cancer Learning Health Systems: Challenges and Opportunities. JCO Clin Cancer Inform. 2022;6:e2100158."
"197.Prescott HC, Seelye S, Wang XQ, Hogan CK, Smith JT, Kipnis P, Barreda F, Donnelly JP, Pogue JM, Iwashyna TJ, Jones MM, Liu VX. Temporal Trends in Antimicrobial Prescribing During Hospitalization for Potential Infection and Sepsis. JAMA Intern Med. 2022;182(8):805-813."
"198.Pugh MJ, Kennedy E, Gugger JJ, Mayo J, Tate D, Swan A, Kean J, Altalib H, Gowda S, Towne A, Hinds S, Van Cott A, Lopez MR, Jaramillo CA, Eapen BC, McCafferty RR, Salinsky M, Cramer J, McMillan KK, Kalvesmaki A, Diaz-Arrastia R. The Military Injuries: Understanding Post-Traumatic Epilepsy Study: Understanding Relationships among Lifetime Traumatic Brain Injury History, Epilepsy, and Quality of Life. J Neurotrauma. 2021;38(20):2841-2850."
"199.Pugh MJ, Kennedy E, Prager EM, Humpherys J, Dams-O'Connor K, Hack D, McCafferty MK, Wolfe J, Yaffe K, McCrea M, Ferguson AR, Lancashire L, Ghajar J, Lumba-Brown A. Phenotyping the Spectrum of Traumatic Brain Injury: A Review and Pathway to Standardization. J Neurotrauma. 2021;38(23):3222-3234."
"200.Ramanathan S, Suda KJ, Fitzpatrick MA, Guihan M, Goedken CC, Safdar N, Evans M, Jones M, Pfeiffer CD, Perencevich EN, Rubin M, Evans CT. A survey of infection control strategies for carbapenem-resistant Enterobacteriaceae in Department of Veterans' Affairs facilities. Infect Control Hosp Epidemiol. 2022;43(7):939-942."
"201.Razjouyan J, Helmer DA, Lynch KE, Hanania NA, Klotman PE, Sharafkhaneh A, Amos CI. Smoking Status and Factors associated with COVID-19 In-Hospital Mortality among US Veterans. Nicotine Tob Res. 2022;24(5):785-793."
"202.Recalde M, Roel E, Pistillo A, Sena AG, Prats-Uribe A, Ahmed WU, Alghoul H, Alshammari TM, Alser O, Areia C, Burn E, Casajust P, Dawoud D, DuVall SL, Falconer T, Fernández-Bertolín S, Golozar A, Gong M, Lai LYH, Lane JCE, Lynch KE, Matheny ME, Mehta PP, Morales DR, Natarjan K, Nyberg F, Posada JD, Reich CG, Rijnbeek PR, Schilling LM, Shah K, Shah NH, Subbian V, Zhang L, Zhu H, Ryan P, Prieto-Alhambra D, Kostka K, Duarte-Salles T. Characteristics and outcomes of 627 044 COVID-19 patients living with and without obesity in the United States, Spain, and the United Kingdom. Int J Obes (Lond). 2021;45(11):2347-2357."
"203.Rentas C, Baker S, Goss L, Richman J, Knight SJ, Key C, Morris M. Patients undergoing colorectal surgery at a Veterans Affairs Hospital do not experience racial disparity in length of stay either before or after implementing an enhanced recovery pathway. BMC Surg. 2022;22(1):201."
"204.Reyes C, Pistillo A, Fernández-Bertolín S, Recalde M, Roel E, Puente D, Sena AG, Blacketer C, Lai L, Alshammari TM, Ahmed WU, Alser O, Alghoul H, Areia C, Dawoud D, Prats-Uribe A, Valveny N, de Maeztu G, Sorlí Redó L, Martinez Roldan J, Lopez Montesinos I, Schilling LM, Golozar A, Reich C, Posada JD, Shah N, You SC, Lynch KE, DuVall SL, Matheny ME, Nyberg F, Ostropolets A, Hripcsak G, Rijnbeek PR, Suchard MA, Ryan P, Kostka K, Duarte-Salles T. Characteristics and outcomes of patients with COVID-19 with and without prevalent hypertension: a multinational cohort study. BMJ Open. 2021;11(12):e057632."
"205.Riggs KR, DeRussy AJ, Leisch L, Shover CL, Bohnert ASB, Hoge AE, Montgomery AE, Varley AL, Jones AL, Gordon AJ, Kertesz SG. Sensitivity of health records for self-reported nonfatal drug and alcohol overdose. Am J Addict. 2022."
"206.Rivera JC, Amuan ME, Pugh MJ. Musculoskeletal Conditions and Secondary Cardiovascular Morbidity Increase Veterans' Rehabilitation and Orthopaedic Service Utilization. Cureus. 2022;14(7):e27139."
"207.Rock C, Abosi O, Bleasdale S, Colligan E, Diekema DJ, Dullabh P, Gurses AP, Heaney-Huls K, Jacob JT, Kandiah S, Lama S, Leekha S, Mayer J, Mena Lora AJ, Morgan DJ, Osei P, Pau S, Salinas JL, Spivak E, Wenzler E, Cosgrove SE. Clinical Decision Support Systems to Reduce Unnecessary Clostridoides difficile Testing Across Multiple Hospitals. Clin Infect Dis. 2022."
"208.Roel E, Pistillo A, Recalde M, Sena AG, Fernández-Bertolín S, Aragón M, Puente D, Ahmed WU, Alghoul H, Alser O, Alshammari TM, Areia C, Blacketer C, Carter W, Casajust P, Culhane AC, Dawoud D, DeFalco F, DuVall SL, Falconer T, Golozar A, Gong M, Hester L, Hripcsak G, Tan EH, Jeon H, Jonnagaddala J, Lai LYH, Lynch KE, Matheny ME, Morales DR, Natarajan K, Nyberg F, Ostropolets A, Posada JD, Prats-Uribe A, Reich CG, Rivera DR, Schilling LM, Soerjomataram I, Shah K, Shah NH, Shen Y, Spotniz M, Subbian V, Suchard MA, Trama A, Zhang L, Zhang Y, Ryan PB, Prieto-Alhambra D, Kostka K, Duarte-Salles T. Characteristics and Outcomes of Over 300,000 Patients with COVID-19 and History of Cancer in the United States and Spain. Cancer Epidemiol Biomarkers Prev. 2021;30(10):1884-1894."
"209.Rogers CR, Rogers TN, Matthews P, Le Duc N, Zickmund S, Powell W, Thorpe RJ, Jr., McKoy A, Davis FA, Okuyemi K, Paskett ED, Griffith DM. Psychosocial determinants of colorectal Cancer screening uptake among African-American men: understanding the role of masculine role norms, medical mistrust, and normative support. Ethn Health. 2022;27(5):1103-1122."
"210.Rogers MJ, Lu CC, Stephens AR, Garcia BN, Chen W, Sauer BC, Tyser A. Scaphotrapeziotrapezoid Arthrodesis: A 10-Year Follow-up Study of Complications in 58 Wrists. Hand (N Y). 2022;17(5):919-925."
"211.Romanelli RJ, Schwartz NRM, Dixon WG, Rodriguez-Watson C, Sauer BC, Albright D, Marcum ZA. The use of narrative electronic prescribing instructions in pharmacoepidemiology: A scoping review for the International Society for Pharmacoepidemiology. Pharmacoepidemiol Drug Saf. 2021;30(10):1281-1292."
"212.Rosen AK, Beilstein-Wedel EE, Harris AHS, Shwartz M, Vanneman ME, Wagner TH, Giori NJ. Comparing Postoperative Readmission Rates Between Veterans Receiving Total Knee Arthroplasty in the Veterans Health Administration Versus Community Care. Med Care. 2022;60(2):178-186."
"213.Rude T, Walter D, Ciprut S, Kelly MD, Wang C, Fagerlin A, Langford AT, Lepor H, Becker DJ, Li H, Loeb S, Ravenell J, Leppert JT, Makarov DV. Interaction between race and prostate cancer treatment benefit in the Veterans Health Administration. Cancer. 2021;127(21):3985-3990."
"214.Sanders JN, Kean J, Zhang C, Presson AP, Everett BG, Turok DK, Higgins JA. Measuring the Sexual Acceptability of Contraception: Psychometric Examination and Development of a Valid and Reliable Prospective Instrument. J Sex Med. 2022;19(3):507-520."
"215.Scherr K, Delaney RK, Ubel P, Kahn VC, Hamstra D, Wei JT, Fagerlin A. Preparing Patients with Early Stage Prostate Cancer to Participate in Clinical Appointments Using a Shared Decision Making Training Video. Med Decis Making. 2022;42(3):364-374."
"216.Scheuner MT, Huynh AK, Chanfreau-Coffinier C, Lerner B, Gable AR, Lee M, Simon A, Coeshott R, Hamilton AB, Patterson OV, DuVall S, Russell MM. Demographic Differences Among US Department of Veterans Affairs Patients Referred for Genetic Consultation to a Centralized VA Telehealth Program, VA Medical Centers, or the Community. JAMA Netw Open. 2022;5(4):e226687."
"217.Schleiden LJ, Zickmund SL, Roman KL, Kennedy K, Thorpe JM, Rossi MI, Niznik JD, Springer SP, Thorpe CT. Caregiver and provider perspectives on dual VA and Medicare Part D medication use in veterans with suspected dementia or cognitive impairment. Am J Health Syst Pharm. 2022;79(2):94-101."
"218.Schliep KC, Barbeau WA, Lynch KE, Sorweid MK, Varner MW, Foster NL, Qeadan F. Overall and sex-specific risk factors for subjective cognitive decline: findings from the 2015-2018 Behavioral Risk Factor Surveillance System Survey. Biol Sex Differ. 2022;13(1):16."
"219.Schnock K, Roulier S, Butler J, Dykes P, Fiskio J, Gibson B, Lipsitz S, Miller S, Shaykevich S, Bates D, Classen D. Engaging Patients in the Use of Real-Time Electronic Clinical Data to Improve the Safety and Reliability of Their Own Care. J Patient Saf. 2022;18(2):e407-e413."
"220.Schrank GM, Sick-Samuels A, Bleasdale SC, Jacob JT, Dantes R, Gokhale RH, Mayer J, Mehrotra P, Mehta SA, Mena Lora AJ, Ray SM, Rhee C, Salinas JL, Seo SK, Shane AL, Nadimpalli G, Milstone AM, Robinson G, Brown CH, Harris AD, Leekha S. Development and evaluation of a structured guide to assess the preventability of hospital-onset bacteremia and fungemia. Infect Control Hosp Epidemiol. 2022:1-7."
"221.Schroeck FR, Ould Ismail AA, Perry GN, Haggstrom DA, Sanchez SL, Walker DR, Young J, Zickmund S, Zubkoff L. Determinants of Risk-Aligned Bladder Cancer Surveillance-Mixed-Methods Evaluation Using the Tailored Implementation for Chronic Diseases Framework. JCO Oncol Pract. 2022;18(1):e152-e162."
"222.Sharpe JA, Martin BI, Magel J, Fritz JM, Vanneman ME, Thackeray A. Effect of Patient Use of Physical Therapy After Referral for Musculoskeletal Conditions on Future Medical Utilization: A Retrospective Cohort Analysis. J Manipulative Physiol Ther. 2021;44(8):621-636."
"223.Sharpe JA, Thackeray A, Fritz JM, Martin BI, Magel J, Vanneman ME. Patients' use of physical therapy for lower back pain: A qualitative study. Musculoskelet Sci Pract. 2021;56:102468."
"224.Shi J, Hurdle JF, Johnson SA, Ferraro JP, Skarda DE, Finlayson SRG, Samore MH, Bucher BT. Natural language processing for the surveillance of postoperative venous thromboembolism. Surgery. 2021;170(4):1175-1182."
"225.Shiner B, Levis M, Dufort VM, Patterson OV, Watts BV, DuVall SL, Russ CJ, Maguen S. Improvements to PTSD quality metrics with natural language processing. J Eval Clin Pract. 2022;28(4):520-530."
"226.Skolasky RL, Kimball ER, Galyean P, Minick KI, Brennan G, McGee T, Lane E, Thackeray A, Bardsley T, Wegener ST, Hunter SJ, Zickmund S, Fritz JM. Identifying Perceptions, Experiences, and Recommendations of Telehealth Physical Therapy for Patients With Chronic Low Back Pain: A Mixed Methods Survey. Arch Phys Med Rehabil. 2022."
"227.Smid MC, Allshouse AA, McMillin GA, Nunez K, Cavin T, Worden J, Buchi K, Muniyappa B, Varner MW, Cochran G, Metz TD. Umbilical Cord Collection and Drug Testing to Estimate Prenatal Substance Exposure in Utah. Obstet Gynecol. 2022;140(2):153-162."
"228.Smith BK, Hamstra SJ, Yamazaki K, Tekian A, Brooke BS, Holmboe E, Mitchell EL, Park YS. Expert consensus on the conceptual alignment of Accreditation Council for Graduate Medical Education competencies with patient outcomes after common vascular surgical procedures. J Vasc Surg. 2022."
"229.Smith BK, Wilson TW, Perler BA, Allen CM, Presson AP, Brooke BS. Does training paradigm matter? A comparison of outcomes of frail patients treated by integrated vascular surgery residency and vascular surgery fellowship-trained surgeons. Am J Surg. 2022;224(3):881-887."
"230.Smith EG, Austin KL, Kim HM, Miller DR, Sauer BC, Valenstein M. Corrigendum to ""Suicide death over the first year of lithium versus valproate treatment in cohorts with and without bipolar disorder"" [J. Psychiatr. Res. 147 (2021 Dec 15) 349-356]. J Psychiatr Res. 2022;149:209."
"231.Smith EG, Austin KL, Kim HM, Miller DR, Sauer BC, Valenstein M. Suicide death over the first year of lithium versus valproate treatment in cohorts with and without bipolar disorder. J Psychiatr Res. 2022;147:349-356."
"232.Smith HS, Brothers KB, Knight SJ, Ackerman SL, Rini C, Veenstra DL, McGuire AL, Wilfond BS, Malek J. Conceptualization of utility in translational clinical genomics research. Am J Hum Genet. 2021;108(11):2027-2036."
"233.Smith HS, Morain SR, Robinson JO, Canfield I, Malek J, Rubanovich CK, Bloss CS, Ackerman SL, Biesecker B, Brothers KB, Goytia CN, Horowitz CR, Knight SJ, Koenig B, Kraft SA, Outram S, Rini C, Shipman KJ, Waltz M, Wilfond B, McGuire AL. Perceived Utility of Genomic Sequencing: Qualitative Analysis and Synthesis of a Conceptual Model to Inform Patient-Centered Instrument Development. Patient. 2022;15(3):317-328."
"234.Snyder AM, Brandenberger AU, Taliercio VL, Rich BE, Webber LB, Beshay AP, Biber JE, Hess R, Rhoads JLW, Secrest AM. Quality of Life Among Family of Patients with Atopic Dermatitis and Psoriasis. Int J Behav Med. 2022."
"235.Song K, Brintz BJ, Wang CP, McGeary DD, McGeary CA, Potter JS, Jaramillo CA, Eapen BC, Pugh MJ. Complex pain phenotypes: Suicidal ideation and attempt through latent multimorbidity. PLoS One. 2022;17(4):e0267844."
"236.Spelman JF, Edens EL, Maya S, Moore BA, Boggs A, MacLean RR, Ackland P, Becker WC, Lynch D, Garcia-Vassallo M, Burgo AL, Rosen MI, Gordon AJ. A Facility-Wide Plan to Increase Access to Medication for Opioid Use Disorder in Primary Care and General Mental Health Settings. Fed Pract. 2021;38(10):460-464."
"237.Stein BD, Saloner B, Kerber R, Sorbero M, Gordon AJ. Subsequent Buprenorphine Treatment Following Emergency Physician Buprenorphine Prescription Fills: A National Assessment 2019 to 2020. Ann Emerg Med. 2022;79(5):441-450."
"238.Stewart IJ, Amuan ME, Wang CP, Kennedy E, Kenney K, Werner JK, Carlson KF, Tate DF, Pogoda TK, Dismuke-Greer CE, Wright WS, Wilde EA, Pugh MJ. Association Between Traumatic Brain Injury and Subsequent Cardiovascular Disease Among Post-9/11-Era Veterans. JAMA Neurol. 2022."
"239.Stokes SM, Scaife CL, Brooke BS, Glasgow RE, Mulvihill SJ, Finlayson SRG, Varghese TK, Jr. Hospital Costs Following Surgical Complications: A Value-driven Outcomes Analysis of Cost Savings Due to Complication Prevention. Ann Surg. 2022;275(2):e375-e381."
"240.Storck KE, Gawron LM, Sanders JN, Wiaderny N, Turok DK. ""I just had to pay the money and be supportive"": A qualitative exploration of the male-partner role in contraceptive decision-making in Salt Lake City, Utah family planning clinics. Contraception. 2022;113:78-83."
"241.Sumner JA, Lynch KE, Viernes B, Beckham JC, Coronado G, Dennis PA, Tseng CH, Ebrahimi R. Military Sexual Trauma and Adverse Mental and Physical Health and Clinical Comorbidity in Women Veterans. Womens Health Issues. 2021;31(6):586-595."
"242.Swan AA, Akin FW, Amuan ME, Riska KM, Hall CD, Kalvesmaki A, Padilla S, Crowsey E, Pugh MJ. Disruptive Dizziness Among Post-9/11 Veterans With Deployment-Related Traumatic Brain Injury. J Head Trauma Rehabil. 2022;37(4):199-212."
"243.Swarts E, Seitz CM, Bouldin ED, Rogers J, Orsini MM. Universities' communication of COVID-19 cases through online dashboards. J Am Coll Health. 2022:1-4."
"244.Taksler GB, Hu B, DeGrandis F, Jr., Montori VM, Fagerlin A, Nagykaldi Z, Rothberg MB. Effect of Individualized Preventive Care Recommendations vs Usual Care on Patient Interest and Use of Recommendations: A Pilot Randomized Clinical Trial. JAMA Netw Open. 2021;4(11):e2131455."
"245.Taliercio VL, Snyder AM, Biggs AM, Kean J, Hess R, Duffin KC, Cizik AM, Secrest AM. Clinicians' perspectives on the integration of electronic patient-reported outcomes into dermatology clinics: a qualitative study. Qual Life Res. 2022;31(6):1719-1725."
"246.Tan EH, Sena AG, Prats-Uribe A, You SC, Ahmed WU, Kostka K, Reich C, Duvall SL, Lynch KE, Matheny ME, Duarte-Salles T, Bertolin SF, Hripcsak G, Natarajan K, Falconer T, Spotnitz M, Ostropolets A, Blacketer C, Alshammari TM, Alghoul H, Alser O, Lane JCE, Dawoud DM, Shah K, Yang Y, Zhang L, Areia C, Golozar A, Recalde M, Casajust P, Jonnagaddala J, Subbian V, Vizcaya D, Lai LYH, Nyberg F, Morales DR, Posada JD, Shah NH, Gong M, Vivekanantham A, Abend A, Minty EP, Suchard M, Rijnbeek P, Ryan PB, Prieto-Alhambra D. COVID-19 in patients with autoimmune diseases: characteristics and outcomes in a multinational network of cohorts across three countries. Rheumatology (Oxford). 2021;60(Si):Si37-si50."
"247.Tedijanto C, Nevers M, Samore MH, Lipsitch M. Antibiotic Use and Presumptive Pathogens in the Veterans Affairs Healthcare System. Clin Infect Dis. 2022;74(1):105-112."
"248.Thomas SA, Siriruchatanon M, Albert SL, Bjurlin M, Hoffmann JC, Langford A, Braithwaite RS, Makarov DV, Fagerlin A, Kang SK. Development and Pilot Evaluation of a Decision Aid for Small Kidney Masses. J Am Coll Radiol. 2022;19(8):935-944."
"249.Thorman A, Engle A, Brintz B, Simmons RG, Sanders JN, Gawron LM, Turok DK, Kaiser JE. Quantitative and qualitative impact of One Key Question on primary care providers' contraceptive counseling at routine preventive health visits. Contraception. 2022;109:73-79."
"250.Thorpe A, Fagerlin A, Butler J, Stevens V, Drews FA, Shoemaker H, Riddoch MS, Scherer LD. Communicating about COVID-19 vaccine development and safety. PLoS One. 2022;17(8):e0272426."
"251.Thorpe A, Fagerlin A, Drews FA, Butler J, Stevens V, Riddoch MS, Scherer LD. Communications to Promote Interest and Confidence in COVID-19 Vaccines. Am J Health Promot. 2022;36(6):976-986."
"252.Thorpe A, Fagerlin A, Drews FA, Shoemaker H, Scherer LD. Self-reported health behaviors and risk perceptions following the COVID-19 vaccination rollout in the USA: an online survey study. Public Health. 2022;208:68-71."
"253.Tonna JE, Keenan HT, Weir C. A qualitative analysis of physician decision making in the use of extracorporeal cardiopulmonary resuscitation for refractory cardiac arrest. Resusc Plus. 2022;11:100278."
"254.Toth DJA, Beams AB, Keegan LT, Zhang Y, Greene T, Orleans B, Seegert N, Looney A, Alder SC, Samore MH. High variability in transmission of SARS-CoV-2 within households and implications for control. PLoS One. 2021;16(11):e0259097."
"255.Trivedi RB, Rossi FS, Javier SJ, Greene L, Singer SJ, Vanneman ME, Goldstein M, Zulman DM. Association Between Mental Health Conditions and Outpatient Care Fragmentation: a National Study of Older High-Risk Veterans. J Gen Intern Med. 2022."
"256.Van De Graaff M, Hopkins RO, Gee J, Beesley SJ, Butler J, Richards T, Crowley A, Lappe D, Brown SM. Partners in Healing: Redesign and expansion of family involvement in inpatient nursing care. Nursing. 2021;51(11):64-68."
"257.Vanneman ME, Rosen AK, Wagner TH, Shwartz M, Gordon SH, Greenberg G, Zheng T, Cook J, Beilstein-Wedel E, Greene T, Kelley AT. Differences Between VHA-Delivered and VHA-Purchased Behavioral Health Care in Service and Patient Characteristics. Psychiatr Serv. 2022:appips202100730."
"258.Vanneman ME, Yoon J, Singer SJ, Wagner TH, Goldstein MK, Hu J, Boothroyd D, Greene L, Zulman DM. Anticipating VA/non-VA care coordination demand for Veterans at high risk for hospitalization. Medicine (Baltimore). 2022;101(7):e28864."
"259.Varley AL, Hoge A, Riggs KR, deRussy A, Jones AL, Austin EL, Gabrielian S, Gelberg L, Gordon AJ, Blosnich JR, Montgomery AE, Kertesz SG. What do Veterans with homeless experience want us to know that we are not asking? A qualitative content analysis of comments from a national survey of healthcare experience. Health Soc Care Community. 2022."
"260.Verma A, Huffman JE, Gao L, Minnier J, Wu WC, Cho K, Ho YL, Gorman BR, Pyarajan S, Rajeevan N, Garcon H, Joseph J, McGeary JE, Suzuki A, Reaven PD, Wan ES, Lynch JA, Petersen JM, Meigs JB, Freiberg MS, Gatsby E, Lynch KE, Zekavat SM, Natarajan P, Dalal S, Jhala DN, Arjomandi M, Bonomo RA, Thompson TK, Pathak GA, Zhou JJ, Donskey CJ, Madduri RK, Wells QS, Gelernter J, Huang RDL, Polimanti R, Chang KM, Liao KP, Tsao PS, Sun YV, Wilson PWF, O'Donnell CJ, Hung AM, Gaziano JM, Hauger RL, Iyengar SK, Luoh SW. Association of Kidney Comorbidities and Acute Kidney Failure With Unfavorable Outcomes After COVID-19 in Individuals With the Sickle Cell Trait. JAMA Intern Med. 2022;182(8):796-804."
"261.Verma A, Minnier J, Wan ES, Huffman JE, Gao L, Joseph J, Ho YL, Wu WC, Cho K, Gorman BR, Rajeevan N, Pyarajan S, Garcon H, Meigs JB, Sun YV, Reaven PD, McGeary JE, Suzuki A, Gelernter J, Lynch JA, Peterson JM, Zekavat SM, Natarajan P, Dalal S, Jhala DN, Arjomandi M, Gatsby E, Lynch KE, Bonomo RA, Freiberg M, Pathak GA, Zhou JJ, Donskey CJ, Madduri RK, Wells QS, Huang RD, Polimanti R, Chang KM, Liao KP, Tsao PS, Wilson PWF, Hung A, O'Donnell CJ, Gaziano JM, Hauger RL, Iyengar SK, Luoh SW. A MUC5B Gene Polymorphism, rs35705950-T Confers Protective Effects Against COVID-19 Hospitalization but not Severe Disease or Mortality. Am J Respir Crit Care Med. 2022."
"262.Vivo A, Fitzpatrick MA, Suda KJ, Jones MM, Perencevich EN, Rubin MA, Ramanathan S, Wilson GM, Evans ME, Evans CT. Epidemiology and outcomes associated with carbapenem-resistant Acinetobacter baumannii and carbapenem-resistant Pseudomonas aeruginosa: a retrospective cohort study. BMC Infect Dis. 2022;22(1):491."
"263.Vujkovic M, Ramdas S, Lorenz KM, Guo X, Darlay R, Cordell HJ, He J, Gindin Y, Chung C, Myers RP, Schneider CV, Park J, Lee KM, Serper M, Carr RM, Kaplan DE, Haas ME, MacLean MT, Witschey WR, Zhu X, Tcheandjieu C, Kember RL, Kranzler HR, Verma A, Giri A, Klarin DM, Sun YV, Huang J, Huffman JE, Townsend Creasy K, Hand NJ, Liu CT, Long MT, Yao J, Budoff M, Tan J, Li X, Lin HJ, Chen YI, Taylor KD, Chang RK, Krauss RM, Vilarinho S, Brancale J, Nielsen JB, Locke AE, Jones MB, Verweij N, Baras A, Reddy KR, Neuschwander-Tetri BA, Schwimmer JB, Sanyal AJ, Chalasani N, Ryan KA, Mitchell BD, Gill D, Wells AD, Manduchi E, Saiman Y, Mahmud N, Miller DR, Reaven PD, Phillips LS, Muralidhar S, DuVall SL, Lee JS, Assimes TL, Pyarajan S, Cho K, Edwards TL, Damrauer SM, Wilson PW, Gaziano JM, O'Donnell CJ, Khera AV, Grant SFA, Brown CD, Tsao PS, Saleheen D, Lotta LA, Bastarache L, Anstee QM, Daly AK, Meigs JB, Rotter JI, Lynch JA, Rader DJ, Voight BF, Chang KM. A multiancestry genome-wide association study of unexplained chronic ALT elevation as a proxy for nonalcoholic fatty liver disease with histological and radiological validation. Nat Genet. 2022;54(6):761-771."
"264.Wagner TH, Lo J, Beilstein-Wedel E, Vanneman ME, Shwartz M, Rosen AK. Estimating the Cost of Surgical Care Purchased in the Community by the Veterans Health Administration. MDM Policy Pract. 2021;6(2):23814683211057902."
"265.Wagner TH, Schoemaker L, Gehlert E, Nelson RE, Murphy K, Martini S, Graham GD, Govindarajan P, Williams LS. One-Year Costs Associated With the Veterans Affairs National TeleStroke Program. Value Health. 2022;25(6):937-943."
"266.Walker WC, O'Rourke J, Wilde EA, Pugh MJ, Kenney K, Dismuke-Greer CL, Ou Z, Presson AP, Werner JK, Jr., Kean J, Barnes D, Karmarkar A, Yaffe K, Cifu D. Clinical features of dementia cases ascertained by ICD coding in LIMBIC-CENC multicenter study of mild traumatic brain injury. Brain Inj. 2022;36(5):644-651."
"267.Wallace B, Matlock DD, Scherer A, Fagerlin A, Scherer LD. Life Support Preferences in the Context of COVID-19: Results from a National US Survey. Med Decis Making. 2021;41(8):963-969."
"268.Weingart SN, Atoria CL, Pfister D, Classen D, Killen A, Fortier E, Epstein AS, Anderson C, Lipitz-Snyderman A. Risk Factors for Adverse Events in Patients With Breast, Colorectal, and Lung Cancer. J Patient Saf. 2021;17(8):e701-e707."
"269.Wheeler AM, Roul P, Yang Y, Brittan KM, Sayles H, Singh N, Sauer BC, Cannon GW, Baker JF, Mikuls TR, England BR. Risk of Prostate Cancer in U.S. Veterans with Rheumatoid Arthritis. Arthritis Care Res (Hoboken). 2022."
"270.White A, Lundahl B, Bryan MA, Okifuji A, Smid M, Gordon AJ, Carlston K, Silipigni J, Abdullah W, Krans EE, Kenney A, Cochran G. Pregnancy and the Opioid Crisis: Heightened Effects of COVID-19. J Addict Med. 2022;16(1):e2-e4."
"271.Widanagamaachchi W, Peterson K, Chapman A, Classen D, Jones M. A flexible framework for visualizing and exploring patient misdiagnosis over time. J Biomed Inform. 2022:104178."
"272.Williams AR, Johnson KA, Thomas CP, Reif S, Socías ME, Henry BF, Neighbors C, Gordon AJ, Horgan C, Nosyk B, Drexler K, Krawczyk N, Gonsalves GS, Hadland SE, Stein BD, Fishman M, Kelley AT, Pincus HA, Olfson M. Opioid use disorder Cascade of care framework design: A roadmap. Subst Abus. 2022;43(1):1207-1214."
"273.Williams RD, Markus AF, Yang C, Duarte-Salles T, DuVall SL, Falconer T, Jonnagaddala J, Kim C, Rho Y, Williams AE, Machado AA, An MH, Aragón M, Areia C, Burn E, Choi YH, Drakos I, Abrahão MTF, Fernández-Bertolín S, Hripcsak G, Kaas-Hansen BS, Kandukuri PL, Kors JA, Kostka K, Liaw ST, Lynch KE, Machnicki G, Matheny ME, Morales D, Nyberg F, Park RW, Prats-Uribe A, Pratt N, Rao G, Reich CG, Rivera M, Seinen T, Shoaibi A, Spotnitz ME, Steyerberg EW, Suchard MA, You SC, Zhang L, Zhou L, Ryan PB, Prieto-Alhambra D, Reps JM, Rijnbeek PR. Seek COVER: using a disease proxy to rapidly develop and validate a personalized risk calculator for COVID-19 outcomes in an international network. BMC Med Res Methodol. 2022;22(1):35."
"274.Wilson DA, Boadu O, Jones AL, Kim N, Mor MK, Hausmann LRM, Essien UR. Analysis of Initiating Anticoagulant Therapy for Atrial Fibrillation Among Persons Experiencing Homelessness in the Veterans Affairs Health System. JAMA Netw Open. 2022;5(7):e2223815."
"275.Wilson GM, Suda KJ, Fitzpatrick MA, Bartle B, Pfeiffer CD, Jones M, Rubin MA, Perencevich E, Evans M, Evans CT. Risk Factors Associated With Carbapenemase-Producing Carbapenem-Resistant Enterobacteriaceae Positive Cultures in a Cohort of US Veterans. Clin Infect Dis. 2021;73(8):1370-1378."
"276.Witteman HO, Ndjaboue R, Vaisson G, Dansokho SC, Arnold B, Bridges JFP, Comeau S, Fagerlin A, Gavaruzzi T, Marcoux M, Pieterse A, Pignone M, Provencher T, Racine C, Regier D, Rochefort-Brihay C, Thokala P, Weernink M, White DB, Wills CE, Jansen J. Clarifying Values: An Updated and Expanded Systematic Review and Meta-Analysis. Med Decis Making. 2021;41(7):801-820."
"277.Wyse JJ, Mackey K, Lovejoy TI, Kansagara D, Tuepker A, Gordon AJ, Todd Korthuis P, Herreid-O'Neill A, Williams B, Morasco BJ. Expanding access to medications for opioid use disorder through locally-initiated implementation. Addict Sci Clin Pract. 2022;17(1):32."
"278.Wyse JJ, McGinnis KA, Edelman EJ, Gordon AJ, Manhapra A, Fiellin DA, Moore BA, Korthuis PT, Kennedy AJ, Oldfield BJ, Gaither JR, Gordon KS, Skanderson M, Barry DT, Bryant K, Crystal S, Justice AC, Kraemer KL. Twelve-Month Retention in Opioid Agonist Treatment for Opioid Use Disorder Among Patients With and Without HIV. AIDS Behav. 2022;26(3):975-985."
"279.Wyse JJ, Morasco BJ, Dougherty J, Edwards B, Kansagara D, Gordon AJ, Korthuis PT, Tuepker A, Lindner S, Mackey K, Williams B, Herreid-O'Neill A, Paynter R, Lovejoy TI. Adjunct interventions to standard medical management of buprenorphine in outpatient settings: A systematic review of the evidence. Drug Alcohol Depend. 2021;228:108923."
"280.Xu Y, Greene TH, Bress AP, Sauer BC, Bellows BK, Zhang Y, Weintraub WS, Moran AE, Shen J. Estimating the optimal individualized treatment rule from a cost-effectiveness perspective. Biometrics. 2022;78(1):337-351."
"281.Yadlapati R, Gawron AJ, Gyawali CP, Chen J, Clarke J, Fass R, Jain A, Lynch K, Khan A, Katz PO, Katzka DA, Richter J, Schnoll-Sussman F, Spechler SJ, Vaezi MF, Vela M, Pandolfino JE. Clinical role of ambulatory reflux monitoring in PPI non-responders: Recommendation statements. Aliment Pharmacol Ther. 2022."
"282.Yamoah K, Lee KM, Awasthi S, Alba PR, Perez C, Anglin-Foote TR, Robison B, Gao A, DuVall SL, Katsoulakis E, Wong YN, Markt SC, Rose BS, Burri R, Wang C, Aboiralor O, Fink AK, Nickols NG, Lynch JA, Garraway IP. Racial and Ethnic Disparities in Prostate Cancer Outcomes in the Veterans Affairs Health Care System. JAMA Netw Open. 2022;5(1):e2144027."
"283.Yoon J, Kizer KW, Ong MK, Zhang Y, Vanneman ME, Chow A, Phibbs CS. Health Care Access Expansions and Use of Veterans Affairs and Other Hospitals by Veterans. JAMA Health Forum. 2022;3(6):e221409."
"284.Young DL, Fritz JM, Kean J, Thackeray A, Johnson JK, Dummer D, Passek S, Stilphen M, Beck D, Havrilla S, Hoyer EH, Friedman M, Daley K, Marcus RL. Key Data Elements for Longitudinal Tracking of Physical Function: A Modified Delphi Consensus Study. Phys Ther. 2022;102(4)."
"285.Zeidan M, Garcia BN, Lu CC, Stephens AR, Chen W, Kazmers NH, Sauer BC, Tyser AR. Risk of Total Wrist Arthrodesis Following Proximal Row Carpectomy: An Analysis of 1,070 Patients. J Hand Surg Am. 2021."
"286.Zickmund SL, Frosch DL, Carman KL. Patient and Veteran Engagement in Health Research: the Emergence of a Field of Study. J Gen Intern Med. 2022;37(Suppl 1):3-5."
"287.Zivin K, Allen L, Barnes AJ, Junker S, Kim JY, Tang L, Kennedy S, Ahrens KA, Burns M, Clark S, Cole E, Crane D, Idala D, Lanier P, Mohamoud S, Jarlenski M, McDuffie MJ, Talbert J, Gordon AJ, Donohue JM. Design, Implementation, and Evolution of the Medicaid Outcomes Distributed Research Network (MODRN). Med Care. 2022;60(9):680-690."
"288.Zulman DM, Greene L, Slightam C, Singer SJ, Maciejewski ML, Goldstein MK, Vanneman ME, Yoon J, Trivedi RB, Wagner T, Asch SM, Boothroyd D. Outpatient care fragmentation in Veterans Affairs patients at high-risk for hospitalization. Health Serv Res. 2022;57(4):764-774."
